Date,SMALL LoPRIOR,ME1 PRIOR2,SMALL HiPRIOR,BIG LoPRIOR,ME2 PRIOR2,BIG HiPRIOR,Market Return
2023-12-31,16.5,11.99,12.24,10.45,5.12,3.75,5.24
2023-11-30,9.11,8.09,11.29,7.92,7.76,11.26,9.3
2023-10-31,-7.99,-5.13,-7.55,-4.69,-2.17,-1.76,-2.61
2023-09-30,-8.14,-4.69,-6.95,-4.73,-4.29,-5.44,-4.8
2023-08-31,-7.9,-5.18,-4.38,-5.18,-1.3,-1.16,-1.9
2023-07-31,9.85,6.1,4.81,5.44,4.25,2.39,3.67
2023-06-30,7.82,8.21,6.73,10.95,5.6,7.35,6.87
2023-05-31,-0.43,-2.24,0.81,5.0,-0.71,2.47,0.69
2023-04-30,-3.0,-2.59,-1.46,0.42,1.25,2.11,1.01
2023-03-31,-6.33,-5.18,-4.57,7.58,2.15,0.93,2.93
2023-02-28,-4.43,-0.8,-1.5,-0.97,-2.35,-3.64,-2.29
2023-01-31,19.33,9.59,5.44,18.35,6.09,0.2,6.91
2022-12-31,-7.41,-4.35,-5.13,-10.18,-5.43,-3.4,-6.04
2022-11-30,1.31,3.28,1.94,7.44,6.5,2.86,5.05
2022-10-31,7.9,11.77,13.4,7.53,6.5,9.96,8.1
2022-09-30,-11.3,-9.39,-8.72,-11.82,-9.51,-7.37,-9.08
2022-08-31,-1.37,-2.3,0.24,-4.22,-4.71,-1.63,-3.59
2022-07-31,11.87,9.8,9.76,14.48,8.73,8.7,9.63
2022-06-30,-7.42,-5.9,-10.18,-11.59,-8.0,-7.37,-8.23
2022-05-31,-2.66,0.83,1.74,-0.93,0.08,-0.42,-0.27
2022-04-30,-14.57,-7.68,-7.31,-12.22,-7.73,-9.73,-9.32
2022-03-31,0.46,0.36,1.57,-0.18,2.65,4.65,3.24
2022-02-28,-0.51,1.17,2.55,-1.92,-3.42,-1.43,-2.29
2022-01-31,-10.0,-5.43,-10.13,-2.33,-5.79,-7.45,-5.82
2021-12-31,2.49,4.51,1.88,4.69,5.29,-0.19,3.51
2021-11-30,-6.29,-2.46,-3.93,-2.89,0.25,-3.52,-1.42
2021-10-31,1.6,3.32,4.42,4.23,8.34,7.9,6.7
2021-09-30,-3.01,-2.7,-1.92,-5.09,-4.31,-3.17,-4.4
2021-08-31,0.76,2.42,2.7,1.86,3.3,4.91,2.86
2021-07-31,-3.43,-2.2,-5.21,2.27,2.15,-0.57,1.62
2021-06-30,1.94,-0.03,4.38,1.31,3.48,3.2,2.66
2021-05-31,-0.21,1.73,2.38,-0.21,1.02,-1.01,0.32
2021-04-30,0.42,2.2,1.8,3.74,6.45,4.79,5.07
2021-03-31,4.89,3.99,-0.07,6.88,5.92,-0.48,3.32
2021-02-28,12.81,9.96,6.88,9.57,4.62,-0.36,2.94
2021-01-31,5.04,3.88,14.05,0.7,-2.97,0.76,-0.15
2020-12-31,11.25,7.33,8.86,6.42,4.65,4.05,4.64
2020-11-30,26.97,16.94,18.0,26.11,13.64,10.13,12.31
2020-10-31,5.62,3.27,2.21,0.36,-2.0,-2.64,-2.06
2020-09-30,-6.24,-4.58,-1.77,-6.11,-2.08,-4.3,-3.69
2020-08-31,8.01,5.3,4.81,5.08,4.78,9.17,7.65
2020-07-31,-0.06,2.81,4.74,-3.0,4.0,7.37,5.86
2020-06-30,5.36,3.31,5.19,4.86,-1.32,3.56,2.4
2020-05-31,8.54,4.83,7.24,3.43,5.26,5.54,5.44
2020-04-30,24.44,13.52,18.34,17.18,13.8,12.75,13.64
2020-03-31,-25.62,-22.47,-22.8,-24.39,-12.9,-11.28,-13.19
2020-02-29,-9.0,-9.72,-7.55,-5.74,-8.44,-7.89,-8.05
2020-01-31,-7.2,-4.47,-1.6,-4.34,-0.34,2.01,-0.03
2019-12-31,6.1,3.01,3.42,4.03,2.56,2.97,2.9
2019-11-30,4.77,4.63,3.67,6.79,4.54,2.61,4.0
2019-10-31,0.16,3.24,3.47,3.76,3.49,0.75,2.25
2019-09-30,5.79,3.97,-2.07,5.59,3.13,-0.21,1.72
2019-08-31,-8.94,-5.67,-3.59,-8.28,-3.79,0.2,-2.3
2019-07-31,-3.13,0.45,2.44,0.59,2.38,0.78,1.45
2019-06-30,7.81,7.52,7.54,10.69,7.31,6.45,7.1
2019-05-31,-12.62,-8.94,-5.92,-13.28,-7.1,-4.82,-6.64
2019-04-30,3.55,3.93,1.49,6.37,5.33,2.49,4.2
2019-03-31,-3.33,-3.35,-1.41,0.08,1.03,2.54,1.25
2019-02-28,4.99,5.81,5.41,2.73,3.16,4.01,3.58
2019-01-31,17.77,10.03,8.93,16.03,7.74,7.55,8.58
2018-12-31,-14.22,-11.87,-11.35,-9.91,-9.63,-8.56,-9.41
2018-11-30,2.63,1.27,0.84,0.79,3.77,-0.15,1.84
2018-10-31,-11.64,-9.36,-12.08,-5.54,-5.71,-9.25,-7.41
2018-09-30,-2.03,-2.86,-2.43,0.23,0.28,0.72,0.22
2018-08-31,2.74,3.01,6.39,0.75,1.63,7.66,3.63
2018-07-31,1.27,1.91,1.35,4.65,4.73,1.73,3.43
2018-06-30,2.4,0.41,1.1,3.06,0.38,-0.37,0.6
2018-05-31,5.67,4.94,9.07,-0.45,2.35,3.88,2.8
2018-04-30,2.14,0.67,1.12,-1.12,0.54,0.64,0.44
2018-03-31,0.37,1.54,0.39,-0.66,-2.28,-2.93,-2.21
2018-02-28,-5.26,-3.16,-3.38,-6.95,-4.42,-1.72,-3.53
2018-01-31,1.74,2.18,3.98,2.64,4.21,8.52,5.72
2017-12-31,0.97,-1.1,0.96,3.36,1.66,0.29,1.14
2017-11-30,3.32,3.16,2.79,4.6,2.87,3.29,3.25
2017-10-31,-2.06,0.56,1.39,-0.76,1.64,4.34,2.35
2017-09-30,7.56,7.85,7.07,3.75,2.4,1.56,2.57
2017-08-31,-3.4,-1.2,-0.41,-2.18,0.58,1.43,0.28
2017-07-31,-0.12,0.47,1.24,1.53,0.94,3.55,1.97
2017-06-30,3.88,3.87,4.51,1.14,0.63,0.28,0.85
2017-05-31,-2.78,-2.33,-2.58,0.05,1.15,2.81,1.16
2017-04-30,0.51,1.91,1.11,0.55,1.42,0.94,1.14
2017-03-31,1.51,0.89,-0.31,-0.13,0.54,-0.36,0.2
2017-02-28,2.88,1.44,0.98,4.2,3.68,2.8,3.61
2017-01-31,1.91,-0.54,0.59,2.38,2.0,1.83,1.98
2016-12-31,1.75,4.02,1.23,1.22,2.25,1.25,1.84
2016-11-30,11.61,13.24,10.12,9.54,3.89,1.77,4.84
2016-10-31,-7.37,-3.71,-4.87,-1.34,-1.42,-2.65,-1.97
2016-09-30,2.57,1.39,1.79,-0.77,0.18,0.39,0.27
2016-08-31,3.61,2.52,0.63,2.89,0.92,-1.1,0.5
2016-07-31,7.49,6.02,5.05,7.3,3.94,3.07,3.98
2016-06-30,-1.92,-0.95,0.71,-3.26,-1.51,2.43,-0.03
2016-05-31,-0.05,1.68,1.69,1.09,1.56,2.22,1.76
2016-04-30,6.68,1.96,1.92,6.73,1.5,-0.54,0.92
2016-03-31,12.88,8.54,6.2,9.36,7.26,6.01,6.95
2016-02-29,3.21,1.39,-1.81,1.7,1.28,-2.04,-0.04
2016-01-31,-12.29,-9.31,-10.1,-6.02,-5.48,-5.32,-5.78
2015-12-31,-6.63,-4.63,-5.04,-5.69,-2.33,-0.55,-2.17
2015-11-30,3.01,3.55,4.79,-2.0,0.52,0.77,0.59
2015-10-31,8.8,5.92,4.26,8.7,8.23,6.68,7.76
2015-09-30,-11.9,-4.41,-4.76,-5.79,-2.17,-2.49,-2.98
2015-08-31,-4.7,-4.43,-6.74,-4.21,-6.33,-6.34,-5.98
2015-07-31,-8.73,-1.43,0.34,-7.38,2.55,3.51,1.59
2015-06-30,-0.84,1.38,2.34,-3.82,-1.84,-0.98,-1.53
2015-05-31,-0.94,0.94,4.54,-2.95,1.12,3.21,1.34
2015-04-30,3.07,-2.23,-4.27,5.89,2.06,-1.31,0.64
2015-03-31,-0.6,1.64,2.55,-2.95,-1.65,-0.63,-1.13
2015-02-28,9.28,6.35,5.83,7.74,6.21,5.56,6.13
2015-01-31,-7.42,-4.53,-1.61,-3.29,-4.56,-1.42,-3.07
2014-12-31,1.49,3.05,2.65,-1.82,0.41,-0.74,-0.09
2014-11-30,-0.59,-0.27,0.26,2.84,2.14,3.36,2.53
2014-10-31,5.69,7.77,4.77,1.37,2.54,2.17,2.57
2014-09-30,-6.54,-4.9,-5.73,-1.87,-1.57,-1.68,-1.95
2014-08-31,3.94,4.55,5.51,4.24,4.1,4.31,4.22
2014-07-31,-6.43,-5.4,-5.91,-0.61,-2.18,-1.37,-1.96
2014-06-30,5.24,5.17,6.25,2.59,1.96,2.95,2.55
2014-05-31,0.56,0.88,-0.45,0.7,2.42,3.46,2.08
2014-04-30,-2.51,-3.06,-5.35,2.6,0.76,-2.34,-0.06
2014-03-31,0.6,1.58,-1.26,2.14,1.56,-2.58,0.49
2014-02-28,4.05,3.72,5.44,3.94,4.13,6.69,4.69
2014-01-31,-2.76,-3.66,-2.64,-4.97,-3.31,-1.67,-3.29
2013-12-31,2.93,1.78,2.87,2.87,2.42,2.97,2.64
2013-11-30,4.75,5.05,4.62,2.45,3.12,3.46,3.13
2013-10-31,2.16,3.77,2.08,3.46,5.17,3.7,4.2
2013-09-30,5.01,5.83,7.53,1.9,4.0,5.49,3.76
2013-08-31,-3.2,-2.95,-2.41,-2.25,-2.8,-3.01,-2.69
2013-07-31,7.22,7.36,8.42,4.76,5.1,7.08,5.65
2013-06-30,-0.24,0.38,0.59,-2.65,-0.44,-2.44,-1.21
2013-05-31,7.68,4.24,4.8,3.57,2.36,2.41,2.86
2013-04-30,-0.28,-0.76,-0.16,1.49,1.76,1.8,1.55
2013-03-31,3.98,5.01,6.27,3.64,3.51,5.21,4.01
2013-02-28,0.88,1.23,1.48,-0.36,1.6,1.63,1.31
2013-01-31,6.25,5.93,6.73,7.57,5.96,3.51,5.52
2012-12-31,4.94,3.41,2.65,3.84,0.69,0.41,1.21
2012-11-30,1.08,0.81,0.79,-0.21,0.67,1.05,0.7
2012-10-31,-3.26,-2.4,-0.95,-0.37,-1.72,-2.41,-1.74
2012-09-30,4.14,3.12,3.63,4.26,2.33,2.49,2.69
2012-08-31,4.89,2.54,3.33,4.46,3.53,1.28,2.58
2012-07-31,-4.24,-1.17,-0.34,-0.67,1.03,1.51,0.86
2012-06-30,6.05,4.61,4.16,3.38,4.72,3.15,3.89
2012-05-31,-10.17,-5.89,-5.18,-12.13,-6.47,-4.13,-6.14
2012-04-30,-3.31,-1.61,-0.55,-4.45,-0.93,0.3,-0.8
2012-03-31,1.82,2.92,3.02,2.77,2.29,4.17,3.11
2012-02-29,3.28,2.54,3.81,5.59,4.14,4.48,4.38
2012-01-31,11.93,6.47,6.47,12.92,5.08,2.55,5.03
2011-12-31,-0.38,1.28,0.15,-2.57,1.59,0.51,0.74
2011-11-30,-2.58,-0.18,0.28,-4.02,-0.06,0.79,-0.2
2011-10-31,15.7,15.23,17.53,14.73,10.46,10.04,11.29
2011-09-30,-10.87,-10.01,-13.43,-7.43,-6.11,-9.72,-7.54
2011-08-31,-10.04,-7.81,-9.96,-6.36,-4.67,-6.99,-5.91
2011-07-31,-4.34,-3.99,-3.12,-1.5,-2.45,-2.35,-2.3
2011-06-30,-3.63,-1.53,-1.6,-2.58,-1.52,-1.06,-1.7
2011-05-31,-2.13,-1.34,-2.06,-0.58,-1.12,-1.89,-1.27
2011-04-30,1.61,2.62,2.13,2.88,3.35,2.45,2.91
2011-03-31,-0.3,2.95,4.32,-0.82,0.44,1.35,0.49
2011-02-28,3.68,5.01,6.05,1.75,4.67,3.37,3.53
2011-01-31,-0.66,0.25,0.45,2.72,2.39,1.03,2.01
2010-12-31,10.99,8.31,7.31,7.97,6.04,5.59,6.81
2010-11-30,2.44,2.65,4.63,-0.39,-0.3,2.74,0.57
2010-10-31,3.44,3.49,4.48,2.14,4.27,4.26,3.86
2010-09-30,13.31,12.18,13.5,8.8,8.57,11.44,9.55
2010-08-31,-7.84,-7.51,-7.21,-4.07,-4.58,-4.81,-4.73
2010-07-31,6.07,6.41,9.01,7.29,6.44,8.11,6.97
2010-06-30,-7.48,-6.64,-10.42,-4.2,-5.66,-6.77,-5.55
2010-05-31,-7.92,-6.89,-7.97,-7.74,-7.89,-8.19,-7.88
2010-04-30,5.81,5.84,8.39,1.04,0.89,4.78,2.01
2010-03-31,8.24,7.57,9.53,4.44,5.84,10.66,6.33
2010-02-28,2.99,4.1,6.59,1.54,3.58,5.43,3.41
2010-01-31,-0.76,-3.44,-4.59,-0.23,-3.37,-7.19,-3.33
2009-12-31,8.67,7.11,9.71,-0.46,3.43,4.52,2.73
2009-11-30,2.23,2.19,3.26,6.28,5.56,5.86,5.58
2009-10-31,-7.98,-5.58,-8.49,-7.07,-1.22,-1.34,-2.54
2009-09-30,10.82,5.66,4.88,6.9,3.61,3.26,4.1
2009-08-31,11.53,3.57,-0.29,8.49,3.16,2.18,3.35
2009-07-31,14.39,10.18,8.07,11.0,7.79,6.22,7.75
2009-06-30,-0.56,2.95,3.15,-6.01,0.81,1.25,0.41
2009-05-31,14.92,3.73,1.3,14.37,5.88,3.02,5.19
2009-04-30,46.43,22.39,9.0,33.61,13.87,2.44,10.19
2009-03-31,18.58,11.5,7.65,18.68,10.6,5.88,9.0
2009-02-28,-16.03,-12.21,-12.03,-13.84,-10.11,-9.04,-10.08
2009-01-31,-7.83,-9.82,-12.2,-7.85,-8.09,-7.86,-8.12
2008-12-31,9.69,5.19,4.53,4.88,2.26,-0.15,1.73
2008-11-30,-17.18,-13.56,-9.75,-14.47,-4.61,-7.56,-7.83
2008-10-31,-25.73,-20.91,-19.18,-23.81,-15.65,-14.67,-17.14
2008-09-30,-9.83,-6.57,-9.94,-12.16,-6.21,-11.49,-9.0
2008-08-31,7.45,4.63,0.64,1.21,2.7,-0.04,1.56
2008-07-31,5.06,3.9,1.95,3.55,1.57,-3.6,-0.54
2008-06-30,-15.67,-9.72,-5.17,-19.33,-10.21,-4.34,-8.31
2008-05-31,3.95,3.94,4.88,-2.8,1.32,2.89,1.95
2008-04-30,2.86,2.81,4.59,8.75,2.32,6.4,4.73
2008-03-31,-2.5,1.48,-0.91,-6.76,-0.51,0.18,-0.69
2008-02-29,-6.04,-3.54,-2.49,-9.45,-3.59,-0.78,-2.97
2008-01-31,-3.11,-6.32,-10.69,-1.27,-3.82,-9.19,-6.07
2007-12-31,-2.37,-0.84,1.02,-7.42,-1.94,2.45,-0.62
2007-11-30,-8.29,-6.56,-8.0,-6.11,-3.41,-4.43,-4.44
2007-10-31,-0.95,2.29,3.89,-1.3,2.44,3.9,2.1
2007-09-30,-0.41,0.43,4.12,1.54,3.15,6.26,3.56
2007-08-31,1.28,1.39,1.12,1.83,1.06,2.2,1.45
2007-07-31,-7.64,-5.16,-4.92,-4.73,-3.35,-1.57,-3.32
2007-06-30,-1.83,-0.84,-0.86,-1.55,-1.71,-1.5,-1.58
2007-05-31,4.11,4.38,2.93,3.54,3.3,4.05,3.61
2007-04-30,1.96,1.65,2.77,5.1,4.21,3.81,4.0
2007-03-31,0.09,1.25,1.88,-0.44,0.4,2.9,1.12
2007-02-28,-0.03,-0.47,-0.69,-0.57,-1.44,-2.62,-1.6
2007-01-31,2.04,1.03,2.1,1.96,1.51,2.38,1.82
2006-12-31,0.23,0.85,0.71,-0.06,1.91,1.03,1.24
2006-11-30,3.72,2.25,2.41,3.06,1.49,2.31,2.06
2006-10-31,6.22,5.14,5.57,3.98,2.72,4.23,3.58
2006-09-30,1.62,0.96,0.68,3.08,2.31,2.1,2.25
2006-08-31,4.55,2.64,1.65,4.16,2.72,0.3,2.45
2006-07-31,-3.69,-2.37,-5.11,0.32,0.99,-2.5,-0.31
2006-06-30,-2.29,0.09,-0.57,-0.68,0.42,0.68,0.05
2006-05-31,-4.13,-4.11,-6.95,-1.02,-3.02,-5.6,-3.12
2006-04-30,-0.35,-0.08,0.79,0.99,1.31,1.13,1.09
2006-03-31,3.25,4.11,5.32,2.23,0.54,2.69,1.82
2006-02-28,-0.43,0.87,-1.19,0.93,0.88,-2.01,0.07
2006-01-31,8.51,6.23,10.83,2.83,1.38,5.57,3.34
2005-12-31,-0.05,-0.33,0.06,-0.39,-0.2,1.05,0.07
2005-11-30,4.82,4.05,5.18,3.51,4.06,3.86,3.9
2005-10-31,-3.44,-2.61,-3.06,0.13,-2.1,-3.03,-1.7
2005-09-30,-1.09,0.32,1.73,-0.6,0.86,3.45,0.79
2005-08-31,-2.07,-2.11,-0.75,-1.6,-1.16,1.24,-0.9
2005-07-31,7.24,6.33,6.49,3.91,3.44,4.79,4.16
2005-06-30,3.31,4.07,4.05,-0.36,-0.45,3.0,0.71
2005-05-31,6.62,5.95,7.29,3.87,3.09,4.09,3.83
2005-04-30,-7.3,-4.93,-6.15,-1.33,-1.44,-3.86,-2.36
2005-03-31,-3.31,-1.89,-3.2,-2.36,-1.16,-1.66,-1.74
2005-02-28,0.25,0.93,3.6,0.87,2.26,4.26,2.09
2005-01-31,-6.84,-3.13,-2.38,-3.56,-1.59,-1.92,-2.55
2004-12-31,5.7,2.38,3.11,4.51,3.82,1.36,3.57
2004-11-30,8.24,8.25,9.97,2.19,4.6,6.79,4.66
2004-10-31,2.77,2.55,0.89,2.63,0.59,1.76,1.49
2004-09-30,3.24,4.41,7.43,-0.72,1.09,6.08,1.66
2004-08-31,-0.46,-0.46,-2.33,0.62,0.33,-0.7,0.18
2004-07-31,-7.67,-5.71,-7.61,-2.46,-3.57,-7.09,-3.93
2004-06-30,2.65,4.35,4.66,1.57,1.31,3.66,1.94
2004-05-31,-0.19,0.97,1.88,0.7,1.82,1.63,1.25
2004-04-30,-1.89,-2.33,-6.37,0.8,-2.51,-5.48,-1.79
2004-03-31,0.91,1.03,-0.21,-2.02,-1.06,-0.57,-1.21
2004-02-29,1.36,1.59,0.02,1.46,2.07,0.5,1.46
2004-01-31,2.89,3.32,6.9,1.15,2.4,2.31,2.18
2003-12-31,5.99,3.11,1.03,7.12,4.21,0.93,4.39
2003-11-30,3.06,4.07,4.02,0.67,1.06,2.62,1.46
2003-10-31,7.1,7.83,10.07,4.88,4.03,9.9,6.1
2003-09-30,-0.99,-0.91,-0.5,-0.82,-1.15,-1.68,-1.18
2003-08-31,5.69,3.83,5.32,2.87,2.05,2.01,2.42
2003-07-31,7.39,5.56,7.58,3.37,1.33,2.7,2.39
2003-06-30,4.51,2.25,2.97,2.12,0.8,1.66,1.48
2003-05-31,19.2,9.87,7.91,13.74,5.32,3.62,6.18
2003-04-30,16.37,9.21,7.48,14.82,7.69,5.04,8.31
2003-03-31,1.24,0.64,2.45,-0.23,1.59,1.53,1.23
2003-02-28,-4.37,-3.22,-1.94,-1.32,-2.09,-1.41,-1.85
2003-01-31,-2.99,-2.44,-0.97,-2.72,-2.97,-1.65,-2.58
2002-12-31,-11.12,-3.72,-1.46,-10.36,-4.37,-0.74,-5.69
2002-11-30,23.68,5.75,3.74,11.03,3.07,-1.69,6.02
2002-10-31,7.4,2.2,4.52,12.69,6.04,4.41,8.05
2002-09-30,-13.47,-5.58,-4.58,-15.15,-9.27,-5.77,-10.22
2002-08-31,-1.67,1.32,0.59,-0.31,1.69,1.22,0.66
2002-07-31,-18.82,-12.68,-13.01,-8.51,-6.37,-6.79,-7.98
2002-06-30,-10.9,-3.27,-1.46,-8.0,-7.04,-5.37,-7.07
2002-05-31,-8.23,-2.99,-2.72,-1.75,-0.36,-0.94,-1.27
2002-04-30,-5.03,2.36,0.67,-9.62,-4.83,-0.06,-5.11
2002-03-31,11.15,9.12,8.55,4.71,3.59,4.04,4.41
2002-02-28,-9.52,-0.72,-1.96,-5.84,-0.16,0.25,-2.07
2002-01-31,-5.37,-0.66,1.43,-2.41,-0.25,-1.72,-1.2
2001-12-31,9.48,6.8,6.04,-0.74,2.44,2.83,1.7
2001-11-30,15.5,6.62,5.84,12.11,5.25,4.4,7.78
2001-10-31,17.17,5.13,5.51,4.57,0.84,-0.71,2.77
2001-09-30,-22.39,-12.03,-9.87,-15.9,-3.98,-5.45,-8.89
2001-08-31,-8.05,-0.85,-3.01,-9.14,-4.67,-3.12,-6.14
2001-07-31,-9.19,-1.5,-1.72,-3.31,-0.16,0.38,-1.68
2001-06-30,4.43,4.94,5.37,-1.92,-2.22,-2.09,-1.65
2001-05-31,5.4,5.48,5.77,-1.69,2.15,2.35,0.99
2001-04-30,13.3,5.87,7.04,13.63,5.91,4.07,8.21
2001-03-31,-9.81,-2.1,-1.3,-11.52,-5.7,-2.94,-6.66
2001-02-28,-14.89,-1.9,-4.0,-17.3,-7.88,-3.06,-9.31
2001-01-31,30.38,8.24,4.25,18.64,2.47,-5.83,3.36
2000-12-31,-0.17,6.63,7.99,-1.56,0.87,3.76,1.77
2000-11-30,-14.2,-5.78,-13.25,-8.88,-3.79,-14.47,-9.47
2000-10-31,-7.42,-1.44,-7.58,3.7,2.16,-5.1,-1.69
2000-09-30,-8.59,-0.65,-4.06,-6.53,1.1,-7.12,-4.62
2000-08-31,4.93,4.92,11.91,5.25,3.56,9.74,7.48
2000-07-31,-0.82,1.18,-4.9,-5.32,-1.39,-1.34,-1.75
2000-06-30,2.21,1.72,21.01,-6.58,-0.93,7.81,3.9
2000-05-31,-3.3,-1.79,-8.07,5.95,2.43,-7.25,-3.22
2000-04-30,-4.53,-0.19,-13.51,2.4,-4.52,-5.38,-4.28
2000-03-31,2.2,0.72,-2.01,14.73,11.17,5.28,7.38
2000-02-29,5.98,5.72,26.59,-9.09,-7.77,6.7,1.6
2000-01-31,-0.48,-1.53,3.27,-5.45,-2.18,-5.37,-4.31
1999-12-31,5.36,3.39,17.21,-1.96,-4.06,12.62,7.13
1999-11-30,5.81,2.88,13.16,1.37,-0.95,5.29,3.05
1999-10-31,-3.62,-0.87,1.42,1.46,6.74,7.42,6.26
1999-09-30,-2.67,-1.17,1.56,-9.28,-4.56,-0.56,-2.61
1999-08-31,-4.99,-3.22,-1.54,-2.8,-2.0,-0.02,-0.98
1999-07-31,-1.55,-0.51,-0.29,-4.65,-4.15,-2.59,-2.96
1999-06-30,3.7,4.89,9.44,1.9,1.18,6.29,5.12
1999-05-31,5.75,3.32,2.42,4.17,-0.44,-2.87,-1.84
1999-04-30,13.28,6.89,8.31,15.33,9.27,2.22,4.37
1999-03-31,0.21,-3.09,-0.64,6.11,2.11,4.42,3.65
1999-02-28,-8.27,-7.31,-7.53,-3.15,-1.58,-4.1,-3.67
1999-01-31,4.17,-0.06,2.97,-1.97,0.74,5.28,3.67
1998-12-31,0.76,4.24,7.37,-2.11,1.94,9.1,6.45
1998-11-30,5.24,6.13,7.24,6.24,5.77,6.63,6.33
1998-10-31,7.13,3.94,2.41,12.77,8.87,6.76,7.55
1998-09-30,6.17,4.61,9.0,10.72,6.28,6.27,6.57
1998-08-31,-23.7,-17.43,-20.62,-15.27,-15.44,-14.67,-15.47
1998-07-31,-10.06,-6.78,-5.65,-2.95,-2.47,0.01,-2.05
1998-06-30,-5.73,-0.92,2.31,-0.11,3.88,6.41,3.65
1998-05-31,-6.63,-3.93,-5.46,-4.17,-2.08,-1.7,-2.56
1998-04-30,1.92,1.3,1.64,0.62,0.11,2.39,1.17
1998-03-31,3.42,4.77,5.61,3.91,4.73,6.03,5.11
1998-02-28,8.31,7.6,7.24,8.33,7.29,7.16,7.43
1998-01-31,0.51,-0.88,-1.15,-0.65,0.51,1.29,0.57
1997-12-31,-4.44,1.74,1.88,0.9,2.08,2.53,1.82
1997-11-30,-3.28,-0.63,-1.14,4.03,4.91,2.56,3.52
1997-10-31,-4.47,-2.25,-4.17,-2.78,-2.91,-4.22,-3.38
1997-09-30,7.83,7.86,9.73,4.76,5.23,5.79,5.76
1997-08-31,4.15,2.97,3.83,-1.33,-3.78,-6.11,-3.86
1997-07-31,3.89,5.52,6.89,5.02,6.77,9.56,7.83
1997-06-30,4.11,5.95,7.5,3.22,3.43,5.02,4.4
1997-05-31,15.72,9.83,11.51,11.88,5.95,5.75,7.11
1997-04-30,-3.39,0.0,-1.03,0.84,3.64,8.17,4.67
1997-03-31,-6.56,-3.63,-4.18,-4.28,-4.07,-4.86,-4.47
1997-02-28,-2.47,0.1,-4.33,0.33,1.81,-2.07,0.01
1997-01-31,4.65,3.05,3.38,2.91,4.17,8.09,5.5
1996-12-31,-0.15,2.94,3.16,-0.18,-1.27,-2.23,-1.18
1996-11-30,4.39,4.1,1.91,8.42,7.59,6.16,6.8
1996-10-31,-3.37,0.3,-2.4,-3.76,2.98,2.84,1.64
1996-09-30,2.32,3.64,5.18,4.11,4.63,6.64,5.38
1996-08-31,4.8,5.14,7.05,4.67,2.64,2.44,3.11
1996-07-31,-8.37,-6.11,-10.93,-7.46,-4.0,-5.23,-5.27
1996-06-30,-5.03,-2.37,-4.65,-2.03,0.5,-0.45,-0.58
1996-05-31,4.56,4.11,6.11,1.85,1.82,3.38,2.73
1996-04-30,6.8,3.27,8.63,5.37,0.96,1.77,2.28
1996-03-31,2.92,1.76,2.49,3.59,1.34,0.34,1.16
1996-02-29,3.78,2.85,4.05,1.4,0.76,2.31,1.74
1996-01-31,1.35,0.43,0.22,1.39,2.44,3.61,2.71
1995-12-31,-0.12,2.92,3.37,-0.32,2.03,1.23,1.51
1995-11-30,1.97,3.8,4.19,7.19,4.71,3.63,4.33
1995-10-31,-8.33,-3.46,-4.7,-4.07,-0.93,0.62,-1.05
1995-09-30,0.1,2.28,3.03,1.81,3.95,4.68,3.84
1995-08-31,1.78,3.57,3.22,1.34,1.22,0.22,1.02
1995-07-31,4.35,4.81,8.83,3.5,3.51,4.14,4.08
1995-06-30,4.36,3.4,8.69,2.85,1.33,4.37,3.15
1995-05-31,1.6,1.72,1.97,4.6,3.83,3.38,3.47
1995-04-30,2.14,2.35,2.43,0.23,2.24,3.52,2.55
1995-03-31,1.44,1.8,2.64,3.25,2.34,2.91,2.63
1995-02-28,3.23,3.48,4.0,5.02,4.28,3.48,4.02
1995-01-31,0.9,0.06,-0.6,3.46,3.26,1.32,2.27
1994-12-31,-2.29,1.88,3.41,0.04,1.73,1.29,1.28
1994-11-30,-4.62,-3.57,-3.26,-2.14,-3.89,-3.86,-3.6
1994-10-31,-1.32,-0.61,1.17,1.6,2.08,2.09,1.74
1994-09-30,-0.62,-0.66,1.29,-2.57,-2.41,-1.86,-2.01
1994-08-31,5.6,5.03,6.15,3.8,3.25,6.36,4.39
1994-07-31,0.84,1.19,2.54,3.31,3.88,1.98,3.08
1994-06-30,-3.25,-1.27,-3.22,-1.99,-2.55,-3.77,-2.71
1994-05-31,0.29,0.04,-2.49,1.73,1.31,0.12,0.9
1994-04-30,-1.71,-0.37,0.24,1.27,1.63,0.1,0.99
1994-03-31,-4.39,-4.7,-6.33,-4.29,-4.0,-4.9,-4.43
1994-02-28,-0.41,-0.28,-0.97,-2.41,-2.67,-2.45,-2.33
1994-01-31,3.26,2.51,3.07,3.79,2.3,3.99,3.08
1993-12-31,1.41,3.18,3.8,0.05,2.23,2.39,1.85
1993-11-30,-0.95,-2.39,-4.22,2.61,-2.56,-3.6,-1.54
1993-10-31,4.23,2.47,2.82,4.64,0.2,0.59,1.67
1993-09-30,0.96,2.7,4.44,-2.02,-0.23,1.24,0.07
1993-08-31,2.58,3.14,5.76,3.8,2.91,5.91,3.88
1993-07-31,0.0,1.84,1.91,-2.75,-0.16,1.65,-0.17
1993-06-30,-1.54,0.31,2.04,-2.39,0.37,3.13,0.52
1993-05-31,5.99,3.62,4.44,3.31,1.58,5.3,3.06
1993-04-30,-4.14,-1.73,-2.92,-2.83,-2.45,-3.3,-2.8
1993-03-31,1.05,2.17,4.75,0.64,1.96,4.39,2.52
1993-02-28,-4.67,-1.43,-1.39,-1.54,1.07,1.48,0.5
1993-01-31,2.26,3.33,5.11,-2.96,0.78,3.86,1.09
1992-12-31,0.96,3.39,5.55,-1.82,2.13,2.22,1.75
1992-11-30,9.35,6.12,7.77,3.54,3.3,4.81,4.2
1992-10-31,2.2,2.32,3.71,-0.46,0.28,2.98,1.13
1992-09-30,-0.18,1.82,2.62,1.36,1.36,1.54,1.42
1992-08-31,-3.04,-2.16,-3.13,-2.07,-1.55,-3.01,-2.09
1992-07-31,1.81,3.23,4.29,3.45,4.37,4.07,4.06
1992-06-30,-5.1,-2.96,-4.23,-1.62,-0.72,-3.64,-1.96
1992-05-31,1.63,0.49,0.64,0.47,0.01,1.88,0.66
1992-04-30,-3.63,-2.3,-4.31,4.3,2.82,-0.19,1.6
1992-03-31,-3.53,-0.93,-3.89,-2.71,-1.48,-2.93,-2.21
1992-02-29,3.18,3.36,3.01,2.23,0.78,1.34,1.39
1992-01-31,11.01,6.81,9.48,1.41,-2.29,-2.04,-0.39
1991-12-31,3.49,6.38,10.72,6.9,11.24,16.04,11.16
1991-11-30,-5.05,-2.65,-4.75,-5.35,-2.92,-3.37,-3.73
1991-10-31,0.76,1.59,4.13,-0.19,1.65,2.55,1.7
1991-09-30,-1.57,0.29,1.96,-1.5,-1.11,-1.44,-1.13
1991-08-31,1.74,3.29,5.38,4.37,1.33,3.88,2.71
1991-07-31,1.76,2.87,6.49,3.21,3.11,7.11,4.66
1991-06-30,-4.23,-2.83,-5.42,-5.89,-4.94,-3.76,-4.52
1991-05-31,2.08,3.5,5.45,7.54,3.6,3.95,4.13
1991-04-30,0.51,1.7,0.58,4.09,0.54,-0.7,0.25
1991-03-31,5.93,4.53,8.98,0.93,1.8,3.62,3.07
1991-02-28,15.47,10.32,10.9,11.69,6.79,7.04,7.68
1991-01-31,10.45,7.15,8.09,13.86,5.89,3.31,5.16
1990-12-31,1.07,4.2,4.98,5.28,4.5,1.94,3.1
1990-11-30,8.6,6.41,7.12,14.89,7.58,5.41,6.92
1990-10-31,-10.33,-5.52,-3.92,-6.78,-0.7,0.24,-1.16
1990-09-30,-12.91,-7.78,-8.48,-11.83,-4.08,-4.71,-5.49
1990-08-31,-14.67,-11.11,-13.18,-10.59,-9.68,-8.32,-9.43
1990-07-31,-6.55,-3.45,-2.73,-8.01,-1.45,0.37,-1.19
1990-06-30,-0.39,0.47,0.16,-3.88,-1.31,0.37,-0.51
1990-05-31,5.01,4.43,10.02,8.77,9.06,9.83,9.09
1990-04-30,-5.06,-3.27,-2.63,-4.46,-2.77,-2.12,-2.66
1990-03-31,1.94,3.1,4.77,2.26,1.37,3.02,2.46
1990-02-28,2.92,1.99,3.8,3.27,1.34,1.3,1.67
1990-01-31,-8.37,-7.3,-10.22,-3.61,-6.35,-8.31,-7.24
1989-12-31,-1.52,-0.14,0.87,-1.22,3.05,1.99,1.82
1989-11-30,-1.38,0.79,1.22,-0.67,2.68,1.93,1.75
1989-10-31,-7.23,-4.88,-5.55,-3.56,-2.24,-2.61,-2.94
1989-09-30,-1.24,0.5,1.82,-2.46,-1.11,1.29,-0.1
1989-08-31,1.66,3.04,3.45,3.45,2.21,1.43,2.15
1989-07-31,1.55,4.07,5.99,4.48,7.62,10.86,7.97
1989-06-30,-2.41,-0.24,-2.05,-0.57,-0.76,-0.07,-0.6
1989-05-31,3.17,4.08,4.31,2.94,4.02,4.83,4.14
1989-04-30,3.07,3.85,5.26,4.44,5.0,5.8,5.07
1989-03-31,1.12,1.97,3.42,-0.41,1.81,4.31,2.25
1989-02-28,0.71,0.4,1.22,-2.07,-2.5,-0.6,-1.68
1989-01-31,4.62,3.99,5.18,7.95,6.43,7.06,6.62
1988-12-31,2.62,3.29,4.32,2.34,1.87,1.62,2.11
1988-11-30,-3.91,-2.19,-3.2,-1.52,-1.46,-1.56,-1.69
1988-10-31,-2.07,-0.87,-0.2,1.53,2.4,2.33,1.81
1988-09-30,1.25,2.75,3.06,4.76,4.37,3.49,3.95
1988-08-31,-3.07,-1.99,-2.54,-2.77,-2.83,-2.6,-2.72
1988-07-31,-0.49,-1.14,-0.51,-1.86,-0.53,-0.53,-0.75
1988-06-30,7.13,5.71,6.79,8.96,4.5,3.44,5.23
1988-05-31,-2.93,-1.66,-1.46,0.8,0.6,0.58,0.3
1988-04-30,0.63,1.24,2.93,-0.56,0.63,1.62,0.99
1988-03-31,2.99,3.78,4.51,-1.86,-3.34,-2.21,-1.94
1988-02-29,8.56,7.75,7.69,7.28,3.77,5.22,5.11
1988-01-31,7.87,5.33,2.05,10.35,6.31,1.68,4.56
1987-12-31,3.96,6.25,11.5,3.75,6.66,7.95,7.13
1987-11-30,-5.93,-3.54,-5.27,-4.98,-8.26,-7.97,-7.39
1987-10-31,-26.31,-27.81,-32.5,-13.8,-21.74,-23.33,-22.37
1987-09-30,-2.73,-1.19,-1.41,-1.57,-3.09,-1.37,-2.14
1987-08-31,3.04,3.57,3.16,5.72,3.89,3.88,4.02
1987-07-31,2.13,3.17,4.82,2.76,4.11,5.51,4.31
1987-06-30,2.35,3.9,2.5,5.12,4.9,4.47,4.52
1987-05-31,-0.38,-0.21,-0.83,1.71,0.32,0.68,0.56
1987-04-30,-3.86,-3.15,-2.13,0.72,-3.22,-0.57,-1.66
1987-03-31,1.39,2.25,3.44,1.48,1.26,2.78,2.09
1987-02-28,7.96,7.37,7.75,7.16,4.54,3.23,4.73
1987-01-31,11.76,10.12,12.38,10.69,12.15,14.47,12.78
1986-12-31,-3.2,-1.96,-3.24,-3.57,-2.44,-2.83,-2.76
1986-11-30,-0.83,0.21,-1.15,1.79,2.23,1.6,1.61
1986-10-31,1.9,2.96,4.39,0.34,5.94,6.77,5.16
1986-09-30,-5.01,-5.86,-7.69,-2.46,-7.19,-11.35,-8.15
1986-08-31,4.38,3.4,2.36,13.33,7.54,4.78,6.61
1986-07-31,-10.46,-7.2,-8.17,-6.97,-4.81,-5.61,-5.84
1986-06-30,-2.35,0.81,2.61,-1.19,1.33,3.99,1.59
1986-05-31,2.94,3.13,5.34,5.19,4.47,6.9,5.16
1986-04-30,1.06,1.73,2.18,0.08,-1.21,-1.76,-0.84
1986-03-31,4.31,5.01,4.86,3.02,4.83,7.29,5.47
1986-02-28,5.17,6.99,9.11,6.74,7.62,8.32,7.69
1986-01-31,-0.22,1.73,4.1,1.16,-0.13,2.84,1.15
1985-12-31,3.91,4.7,4.18,4.79,4.95,4.07,4.56
1985-11-30,6.63,6.61,7.62,8.48,7.14,6.54,7.1
1985-10-31,0.76,3.69,5.97,1.6,4.77,6.16,4.67
1985-09-30,-7.17,-4.91,-4.69,-4.35,-3.28,-3.82,-3.88
1985-08-31,-1.33,-0.65,0.2,-1.87,-0.57,0.3,-0.46
1985-07-31,3.3,2.22,1.58,3.39,0.47,-2.71,-0.15
1985-06-30,-1.46,2.47,3.85,1.39,1.0,3.21,1.86
1985-05-31,1.52,3.94,4.85,2.36,6.51,7.01,5.78
1985-04-30,-2.84,-0.64,0.95,-1.89,-0.08,0.39,-0.24
1985-03-31,-3.4,-1.85,-0.17,0.44,-0.18,0.37,-0.18
1985-02-28,1.71,2.85,3.28,0.01,1.52,2.19,1.78
1985-01-31,16.12,11.8,8.9,11.87,9.12,5.45,8.71
1984-12-31,0.56,2.56,2.28,1.51,2.55,2.78,2.41
1984-11-30,-4.47,-0.94,-0.99,-0.77,-0.9,-0.98,-1.1
1984-10-31,-3.63,-0.61,0.76,-1.01,0.26,0.92,0.13
1984-09-30,-1.96,-0.48,2.27,-1.54,-0.75,1.48,-0.06
1984-08-31,13.78,11.2,8.38,14.77,12.27,8.99,11.32
1984-07-31,-7.02,-3.55,-1.38,-2.46,-1.12,-2.39,-2.14
1984-06-30,2.19,3.62,2.76,3.27,3.29,1.31,2.56
1984-05-31,-6.17,-4.94,-4.18,-5.99,-4.86,-4.96,-5.14
1984-04-30,-2.2,-0.01,0.43,-0.29,0.46,1.21,0.35
1984-03-31,-0.53,1.87,1.23,1.32,1.58,1.7,1.44
1984-02-29,-5.8,-4.48,-5.51,-4.41,-3.27,-4.27,-4.01
1984-01-31,-0.47,-0.39,-2.4,-0.19,-0.74,-3.38,-1.09
1983-12-31,-2.55,-0.54,-1.35,-0.64,-1.45,-0.17,-0.96
1983-11-30,3.41,4.72,4.63,2.71,3.0,1.23,2.8
1983-10-31,-4.15,-4.61,-7.96,-0.52,-1.34,-5.75,-2.49
1983-09-30,0.56,2.81,1.86,1.95,1.93,0.6,1.74
1983-08-31,-0.74,-2.0,-5.42,3.25,1.41,-3.36,0.37
1983-07-31,-0.12,-1.44,-3.81,-2.82,-2.81,-5.39,-3.17
1983-06-30,3.52,3.52,5.16,3.96,2.11,5.91,3.78
1983-05-31,9.58,5.09,7.29,1.05,-0.57,0.22,1.11
1983-04-30,6.05,7.18,8.56,8.17,5.76,9.11,7.38
1983-03-31,3.52,4.3,5.57,3.69,2.77,3.49,3.43
1983-02-28,2.64,5.36,6.53,1.27,2.38,4.93,3.2
1983-01-31,9.12,5.97,7.59,4.48,4.27,2.55,4.26
1982-12-31,0.38,1.26,1.71,2.68,0.31,1.43,1.25
1982-11-30,4.91,9.58,10.89,1.02,4.86,6.93,5.27
1982-10-31,13.58,12.46,16.01,12.64,11.87,10.59,11.86
1982-09-30,-0.02,5.12,6.12,0.16,1.26,2.4,1.77
1982-08-31,10.01,7.6,7.61,15.64,12.73,11.01,11.97
1982-07-31,-3.35,-0.97,-0.16,-5.23,-3.94,0.48,-2.17
1982-06-30,-6.19,-2.32,-0.75,-4.5,-2.19,-0.02,-2.07
1982-05-31,-5.02,-2.26,-1.65,-4.52,-2.02,-2.88,-2.85
1982-04-30,5.55,5.63,5.23,4.82,3.94,4.34,4.44
1982-03-31,-2.5,-0.51,-0.35,-2.4,-1.22,1.38,-0.79
1982-02-28,-7.42,-3.42,-2.45,-7.56,-4.83,-2.78,-4.87
1982-01-31,-3.78,-3.13,-3.24,-3.64,-2.09,-0.75,-2.41
1981-12-31,-3.2,-0.35,-1.28,-3.51,-2.54,-2.83,-2.78
1981-11-30,1.74,4.54,3.53,5.36,5.59,3.02,4.5
1981-10-31,6.16,7.08,9.66,3.31,6.03,7.83,6.05
1981-09-30,-9.65,-6.49,-6.56,-6.51,-5.2,-5.7,-5.86
1981-08-31,-6.96,-6.29,-7.83,-4.76,-5.63,-6.2,-5.66
1981-07-31,-1.65,-2.03,-2.56,2.58,-1.28,-1.42,-0.22
1981-06-30,0.23,-0.64,-2.6,2.42,-1.27,-6.38,-0.84
1981-05-31,0.56,2.49,5.26,0.37,0.44,3.07,1.23
1981-04-30,2.26,3.5,3.15,-0.58,-1.48,-3.29,-1.0
1981-03-31,7.48,7.28,8.08,4.68,3.02,5.57,4.62
1981-02-28,1.49,1.41,0.39,2.46,2.58,0.85,1.75
1981-01-31,1.54,1.86,-3.39,1.76,-2.08,-9.21,-3.98
1980-12-31,-1.73,-1.55,-4.43,2.89,-2.26,-7.77,-3.17
1980-11-30,1.06,4.51,12.28,0.81,10.62,20.02,10.62
1980-10-31,0.22,2.02,7.1,-2.45,0.18,5.27,1.92
1980-09-30,1.84,2.47,5.56,-0.75,0.55,6.32,2.94
1980-08-31,4.68,3.71,8.98,0.68,1.16,2.81,2.31
1980-07-31,8.98,8.74,12.36,9.21,5.61,6.61,7.03
1980-06-30,4.01,4.01,5.67,3.35,1.94,4.93,3.58
1980-05-31,9.31,8.07,7.56,5.53,6.56,5.03,6.02
1980-04-30,6.63,5.54,7.14,6.51,3.53,5.14,5.19
1980-03-31,-13.72,-15.04,-20.49,-4.78,-9.15,-17.11,-11.55
1980-02-29,-4.54,-3.66,0.75,-4.32,-2.3,6.15,-0.39
1980-01-31,5.51,6.88,10.73,2.05,5.16,11.94,6.29
1979-12-31,4.54,4.43,9.23,0.03,1.97,4.89,2.71
1979-11-30,3.54,6.4,12.37,3.49,5.54,10.93,6.2
1979-10-31,-11.73,-10.06,-9.83,-7.36,-7.29,-5.26,-7.21
1979-09-30,-2.28,-0.77,1.61,-3.06,-1.06,3.6,0.02
1979-08-31,8.83,6.54,8.27,7.11,4.97,7.27,6.33
1979-07-31,3.39,3.35,1.97,1.87,1.39,1.14,1.59
1979-06-30,5.27,5.23,6.07,3.98,4.56,4.86,4.69
1979-05-31,-1.53,-1.06,-1.59,-0.87,-1.34,-1.89,-1.4
1979-04-30,2.12,2.5,2.98,0.31,-0.06,1.06,0.7
1979-03-31,8.26,8.26,10.68,5.18,5.34,8.63,6.45
1979-02-28,-2.06,-1.98,-2.69,-2.54,-2.59,-4.03,-2.86
1979-01-31,9.69,7.74,9.04,6.2,3.91,4.13,4.97
1978-12-31,0.74,1.97,3.08,-0.85,2.0,2.87,1.66
1978-11-30,3.02,4.18,8.59,2.26,3.05,7.59,3.41
1978-10-31,-15.05,-16.56,-23.26,-8.25,-10.0,-16.96,-11.14
1978-09-30,0.14,-0.18,-1.8,0.62,-1.46,-3.72,-0.8
1978-08-31,6.53,7.06,9.53,3.76,2.96,6.41,4.28
1978-07-31,3.84,4.89,7.1,4.9,5.52,9.97,5.68
1978-06-30,-0.92,0.52,1.08,-2.58,-1.01,0.9,-1.16
1978-05-31,5.57,4.31,7.4,1.45,1.33,5.28,2.25
1978-04-30,7.17,6.8,8.83,9.79,7.45,9.86,8.43
1978-03-31,5.97,5.51,7.05,3.66,2.07,5.31,3.37
1978-02-28,1.47,2.18,2.94,-2.64,-0.9,-0.18,-0.94
1978-01-31,-1.83,-1.92,-3.23,-6.4,-5.45,-6.33,-5.52
1977-12-31,0.47,1.82,2.39,0.04,0.88,1.29,0.74
1977-11-30,7.31,6.87,8.67,3.64,4.09,6.3,4.49
1977-10-31,-2.52,-1.89,-3.01,-4.32,-3.86,-3.99,-3.9
1977-09-30,-0.01,1.26,1.58,-1.31,1.18,1.1,0.13
1977-08-31,-0.5,-1.01,-0.13,0.84,-2.93,-2.92,-1.32
1977-07-31,-0.09,0.58,0.58,-1.41,-1.6,-1.43,-1.28
1977-06-30,5.23,5.72,7.32,4.87,4.72,6.1,5.11
1977-05-31,-0.92,0.59,0.14,-3.02,-0.42,-0.02,-1.08
1977-04-30,-0.16,1.47,2.64,-2.14,0.77,3.49,0.52
1977-03-31,0.65,0.59,0.53,-1.88,-1.04,-0.66,-1.0
1977-02-28,-1.56,-0.4,0.25,-1.62,-1.39,-2.7,-1.58
1977-01-31,0.34,2.44,2.91,-7.36,-3.01,-1.94,-3.72
1976-12-31,10.7,9.1,9.54,4.78,5.64,7.4,6.03
1976-11-30,3.0,3.4,4.5,-1.71,1.3,2.62,0.77
1976-10-31,-2.04,-1.17,-2.22,-2.48,-1.36,-3.17,-2.01
1976-09-30,2.61,3.02,2.63,1.85,2.92,2.27,2.49
1976-08-31,-2.2,-1.12,-2.33,0.52,0.4,-1.06,-0.11
1976-07-31,-0.22,0.99,0.16,-1.26,0.13,-1.9,-0.58
1976-06-30,3.46,2.88,4.27,5.12,4.65,3.46,4.5
1976-05-31,-0.77,-1.24,-3.24,-1.52,-0.25,-1.29,-0.96
1976-04-30,-0.95,-0.62,-1.74,-2.49,-0.07,-0.51,-1.06
1976-03-31,0.33,1.76,2.24,3.06,3.36,1.44,2.72
1976-02-29,9.66,8.04,8.8,-0.65,-0.66,0.97,0.63
1976-01-31,16.03,19.03,20.8,9.99,12.9,14.12,12.64
1975-12-31,0.18,-0.88,-1.43,-2.27,-0.71,-0.87,-1.13
1975-11-30,1.29,2.53,2.53,4.36,2.6,2.22,3.09
1975-10-31,0.93,3.03,2.83,7.8,5.76,5.58,5.91
1975-09-30,-3.86,-3.38,-3.84,-4.72,-2.79,-3.92,-3.72
1975-08-31,-5.24,-4.61,-5.37,-2.28,-1.86,-2.35,-2.38
1975-07-31,-1.63,-2.61,-3.21,-7.85,-6.0,-5.42,-6.14
1975-06-30,7.17,6.83,6.58,5.18,4.75,5.84,5.25
1975-05-31,7.28,6.78,8.08,6.21,5.82,4.25,5.66
1975-04-30,2.11,3.22,6.72,6.12,4.62,4.27,4.66
1975-03-31,9.11,5.17,6.58,4.31,1.74,2.76,3.08
1975-02-28,4.24,4.94,4.67,6.81,6.95,5.16,6.0
1975-01-31,35.85,27.02,19.93,21.63,11.23,9.9,14.24
1974-12-31,-7.57,-6.46,-5.6,-4.7,-2.46,-0.83,-2.73
1974-11-30,-6.03,-5.62,-3.01,-4.14,-4.44,-2.89,-3.98
1974-10-31,9.13,8.52,10.69,20.83,15.43,18.2,16.62
1974-09-30,-10.49,-7.12,-7.71,-13.46,-12.96,-7.76,-10.98
1974-08-31,-9.74,-8.16,-6.29,-10.5,-9.09,-7.96,-8.77
1974-07-31,-6.28,-4.37,-4.22,-8.91,-8.36,-4.76,-7.36
1974-06-30,-4.95,-3.04,-1.7,-3.12,-1.71,-1.76,-2.2
1974-05-31,-9.33,-7.09,-7.55,-3.84,-1.33,-6.41,-3.91
1974-04-30,-7.47,-5.29,-4.96,-5.93,-3.9,-4.23,-4.52
1974-03-31,1.0,0.3,-0.97,-3.51,-1.41,-3.65,-2.24
1974-02-28,-0.39,0.43,0.06,0.59,-0.9,0.77,0.1
1974-01-31,16.08,10.13,6.97,5.97,2.21,-2.62,0.42
1973-12-31,-7.46,-2.43,4.92,-4.54,-0.43,3.83,1.41
1973-11-30,-22.34,-17.45,-16.37,-20.8,-12.26,-9.46,-11.87
1973-10-31,-3.91,1.37,3.16,-5.33,-1.58,1.35,-0.12
1973-09-30,11.67,9.84,9.24,14.28,8.47,2.72,5.26
1973-08-31,-7.18,-3.64,-2.45,-5.02,-3.1,-2.83,-3.11
1973-07-31,17.99,11.27,7.19,15.01,8.97,2.67,5.28
1973-06-30,-5.3,-3.1,-1.86,-4.86,-2.7,0.28,-0.95
1973-05-31,-11.02,-8.42,-5.35,-9.23,-3.01,-0.61,-2.11
1973-04-30,-10.62,-6.24,-4.91,-10.7,-5.1,-3.69,-4.65
1973-03-31,-4.62,-2.97,-0.38,-2.35,-2.41,0.59,-0.63
1973-02-28,-8.38,-6.99,-9.69,-9.21,-3.65,-3.58,-4.18
1973-01-31,-6.35,-3.97,-5.7,-8.21,-2.56,-1.4,-2.63
1972-12-31,-3.72,-1.5,0.72,-2.32,0.12,3.08,1.0
1972-11-30,6.86,5.19,4.67,9.89,6.98,1.9,4.96
1972-10-31,-2.25,-0.51,-0.96,0.53,1.73,0.66,0.94
1972-09-30,-3.76,-2.66,-2.69,-2.4,-0.84,0.17,-0.78
1972-08-31,2.8,1.44,-0.15,8.59,5.61,0.73,3.6
1972-07-31,-4.38,-2.34,-3.43,-3.2,-0.69,1.35,-0.4
1972-06-30,-4.49,-3.02,-3.5,-3.82,-2.15,-1.0,-2.14
1972-05-31,-4.06,-2.28,-1.17,0.17,0.94,3.86,1.59
1972-04-30,-1.43,0.44,2.51,-0.15,0.14,1.53,0.61
1972-03-31,-1.03,0.62,1.19,-1.5,0.75,2.16,0.82
1972-02-29,2.4,3.77,4.33,1.63,2.06,4.78,3.12
1972-01-31,10.81,6.99,8.72,-0.03,2.72,2.4,2.69
1971-12-31,13.81,12.27,12.66,9.19,8.13,9.17,9.06
1971-11-30,-4.21,-2.91,-1.85,-0.33,0.48,0.34,-0.05
1971-10-31,-7.76,-5.42,-5.33,-3.37,-3.44,-4.85,-4.02
1971-09-30,-2.41,-1.14,0.73,-1.5,-0.01,-0.41,-0.51
1971-08-31,2.69,4.06,6.57,2.5,4.3,5.85,4.19
1971-07-31,-4.86,-4.55,-5.9,-2.85,-3.59,-6.51,-4.05
1971-06-30,-3.42,-2.47,0.84,0.34,0.16,1.53,0.31
1971-05-31,-6.38,-4.89,-4.63,-3.41,-3.65,-3.43,-3.7
1971-04-30,2.35,2.76,3.86,4.01,2.5,5.31,3.52
1971-03-31,6.11,6.4,5.96,6.6,3.83,3.92,4.36
1971-02-28,4.55,3.03,4.49,0.5,1.03,2.14,1.7
1971-01-31,15.06,10.16,9.04,10.21,4.85,3.2,5.12
1970-12-31,9.32,9.8,8.13,7.7,7.26,4.43,6.2
1970-11-30,-0.42,2.29,3.64,4.54,5.06,5.94,5.14
1970-10-31,-11.55,-2.51,-0.11,-8.02,-1.2,-0.63,-1.81
1970-09-30,18.9,9.35,8.25,9.24,4.76,2.28,4.6
1970-08-31,10.29,5.57,3.46,9.78,5.56,3.51,5.09
1970-07-31,7.3,7.41,6.08,11.36,8.37,6.3,7.44
1970-06-30,-11.45,-7.16,-3.87,-8.12,-5.12,-4.3,-5.19
1970-05-31,-10.14,-9.68,-10.29,-1.69,-5.4,-7.09,-6.27
1970-04-30,-18.66,-12.96,-19.04,-8.98,-9.25,-10.13,-10.33
1970-03-31,-2.69,-1.43,-3.46,-1.52,2.46,-1.48,-0.37
1970-02-28,3.45,3.6,4.52,6.27,6.47,5.65,5.75
1970-01-31,-4.19,-4.85,-6.45,-10.16,-9.05,-6.71,-7.5
1969-12-31,-9.05,-5.88,-4.13,-5.06,-2.72,-0.05,-1.94
1969-11-30,-7.5,-5.53,-3.55,-4.89,-4.51,-1.52,-3.23
1969-10-31,11.15,7.26,6.92,9.03,5.18,4.64,5.51
1969-09-30,-2.84,-1.63,-0.4,-4.6,-2.78,-1.99,-2.52
1969-08-31,5.81,4.14,8.23,4.08,4.39,6.01,5.05
1969-07-31,-12.38,-7.54,-9.73,-6.96,-5.39,-6.2,-6.38
1969-06-30,-12.63,-11.15,-12.36,-2.97,-5.94,-7.85,-6.54
1969-05-31,-0.79,-0.32,0.48,-0.93,0.94,1.21,0.34
1969-04-30,-0.56,-0.43,1.26,2.64,1.69,3.09,2.04
1969-03-31,-0.69,1.27,4.86,2.3,4.08,4.69,3.18
1969-02-28,-9.05,-7.59,-9.73,-3.17,-5.68,-7.21,-5.22
1969-01-31,-0.67,-0.68,-0.75,-1.32,-0.11,-1.59,-0.82
1968-12-31,-0.7,1.03,-0.64,-4.31,-3.65,-4.39,-3.55
1968-11-30,7.92,7.78,8.33,5.35,5.11,8.43,5.87
1968-10-31,0.8,1.81,-0.01,2.35,0.38,0.25,0.91
1968-09-30,7.25,5.38,7.84,5.52,3.41,3.62,4.36
1968-08-31,2.09,3.46,5.35,1.31,1.65,1.84,1.81
1968-07-31,-3.88,-2.65,-3.15,-1.71,-1.36,-4.21,-2.16
1968-06-30,1.1,2.17,0.48,2.87,0.72,-0.31,1.16
1968-05-31,7.72,6.78,11.18,0.78,1.62,4.92,2.66
1968-04-30,12.77,12.38,17.29,7.22,8.35,12.87,9.33
1968-03-31,-1.53,-1.37,-0.38,-0.54,0.43,4.77,0.64
1968-02-29,-3.46,-4.28,-7.66,-2.53,-2.31,-5.2,-3.24
1968-01-31,2.88,2.15,-0.05,-1.06,-5.3,-7.53,-3.63
1967-12-31,5.41,7.5,11.46,2.61,2.67,3.07,3.27
1967-11-30,-0.18,0.18,0.88,0.53,0.31,2.0,0.72
1967-10-31,-3.32,-2.92,-1.69,-3.99,-3.58,1.73,-2.7
1967-09-30,3.79,5.97,7.18,3.09,2.44,4.72,3.41
1967-08-31,1.22,1.16,-1.06,-0.7,-0.3,-1.19,-0.56
1967-07-31,9.23,7.91,8.78,6.86,3.1,5.17,4.89
1967-06-30,5.27,6.97,12.84,0.57,1.17,5.0,2.64
1967-05-31,-1.36,-1.13,-1.27,-5.12,-4.07,-3.77,-4.01
1967-04-30,2.92,3.3,5.8,6.72,1.97,5.02,4.21
1967-03-31,5.3,6.16,7.81,3.75,4.41,4.29,4.38
1967-02-28,2.26,3.55,5.56,-1.59,0.47,2.14,1.11
1967-01-31,22.07,15.48,14.92,13.63,6.05,6.91,8.5
1966-12-31,1.42,1.33,3.26,0.15,0.47,0.42,0.5
1966-11-30,4.26,3.17,7.34,-1.84,0.71,6.52,1.75
1966-10-31,-0.38,0.6,-3.72,6.42,6.27,-0.76,4.41
1966-09-30,-1.24,-1.36,-2.05,-0.03,0.24,-2.9,-0.62
1966-08-31,-9.66,-9.77,-11.45,-6.44,-7.22,-8.93,-7.46
1966-07-31,-0.79,-1.03,-2.45,-0.62,-1.92,-1.64,-1.26
1966-06-30,-1.69,-0.46,1.01,-1.86,-1.93,1.94,-1.08
1966-05-31,-6.34,-7.73,-12.01,-3.85,-4.52,-7.57,-5.22
1966-04-30,0.21,4.08,8.74,0.83,2.36,4.86,2.45
1966-03-31,-1.88,-2.37,-1.98,-2.86,-2.3,0.07,-2.09
1966-02-28,1.7,1.81,5.3,-2.49,-1.63,3.05,-0.85
1966-01-31,4.24,5.1,8.08,-1.37,0.61,5.57,1.05
1965-12-31,4.54,4.46,4.12,1.09,0.67,1.76,1.32
1965-11-30,1.32,5.0,6.4,-0.49,-1.43,3.32,0.28
1965-10-31,4.61,5.93,7.32,1.3,2.64,5.51,2.92
1965-09-30,1.98,3.17,5.1,2.1,2.8,5.58,3.2
1965-08-31,4.8,4.12,6.86,2.2,2.2,5.3,3.04
1965-07-31,1.68,3.03,4.93,0.22,1.76,5.18,1.72
1965-06-30,-8.24,-7.98,-10.26,-3.53,-5.17,-7.76,-5.1
1965-05-31,-1.46,-0.76,-0.55,-0.09,-0.84,0.19,-0.43
1965-04-30,3.41,4.17,5.45,2.51,2.36,5.72,3.4
1965-03-31,1.68,0.35,1.44,-1.11,-1.52,-0.56,-1.0
1965-02-28,2.84,3.49,4.32,1.49,-0.23,0.65,0.69
1965-01-31,7.68,6.38,6.02,3.7,4.07,2.48,3.78
1964-12-31,-1.27,-0.31,-1.28,1.51,0.15,0.04,0.32
1964-11-30,-1.17,0.96,-0.21,0.03,-0.11,1.12,0.27
1964-10-31,0.65,2.06,1.76,1.59,0.66,0.64,0.82
1964-09-30,4.24,2.59,3.63,3.73,2.3,3.52,2.99
1964-08-31,-1.32,-0.47,-0.83,-0.36,-1.23,-1.27,-1.14
1964-07-31,2.51,2.71,2.46,2.79,1.74,2.13,2.06
1964-06-30,1.0,1.41,1.51,1.33,1.45,1.73,1.57
1964-05-31,0.01,1.26,2.31,0.26,1.05,3.09,1.65
1964-04-30,-0.22,-0.59,-0.4,1.15,0.63,0.17,0.43
1964-03-31,2.64,3.97,3.77,1.38,1.51,1.75,1.75
1964-02-29,2.87,2.39,2.96,1.28,1.9,1.72,1.82
1964-01-31,2.52,3.21,1.54,0.27,2.87,2.96,2.58
1963-12-31,-1.67,0.92,0.24,0.96,2.44,2.53,2.16
1963-11-30,-2.32,-1.02,-1.41,-0.33,0.53,-2.72,-0.56
1963-10-31,1.05,1.43,3.52,0.81,2.22,4.57,2.87
1963-09-30,-1.87,-0.95,-1.27,-2.45,-0.18,-2.66,-1.3
1963-08-31,4.09,3.83,6.36,5.86,5.09,5.62,5.32
1963-07-31,-1.33,-1.23,-1.07,-1.53,0.17,0.0,-0.13
1963-06-30,-1.14,-2.22,-0.99,-3.0,-2.43,-0.73,-1.8
1963-05-31,4.11,3.38,4.46,2.34,1.24,2.66,2.04
1963-04-30,2.98,4.26,4.07,6.0,4.53,4.74,4.78
1963-03-31,0.61,1.83,2.69,3.38,2.53,4.55,3.43
1963-02-28,-2.93,-0.79,0.61,-3.45,-2.21,-1.95,-2.21
1963-01-31,10.47,7.97,8.2,6.31,4.82,4.36,5.05
1962-12-31,-5.61,-2.13,1.06,-1.5,1.1,3.61,1.4
1962-11-30,18.54,13.94,11.37,16.07,10.19,8.91,11.13
1962-10-31,-4.09,-2.7,-3.27,-0.18,1.22,0.52,0.47
1962-09-30,-9.15,-6.11,-5.21,-7.0,-5.62,-3.05,-4.93
1962-08-31,4.2,3.31,2.43,2.46,1.59,3.04,2.32
1962-07-31,7.27,6.52,6.1,4.56,6.73,6.78,6.52
1962-06-30,-12.2,-6.6,-5.99,-12.8,-8.81,-6.09,-8.25
1962-05-31,-10.86,-8.8,-10.58,-8.6,-8.38,-8.05,-8.37
1962-04-30,-9.08,-5.87,-6.91,-8.69,-6.53,-5.05,-6.34
1962-03-31,-2.2,-0.81,0.36,-1.21,-0.41,-0.09,-0.48
1962-02-28,1.87,1.75,-0.1,0.76,3.47,0.72,2.01
1962-01-31,0.96,1.1,-1.96,-3.67,-3.1,-4.82,-3.6
1961-12-31,0.82,-0.1,-0.44,0.55,1.56,-2.6,0.02
1961-11-30,4.59,4.46,6.48,3.63,5.3,4.44,4.63
1961-10-31,-0.51,2.52,3.3,1.81,2.29,4.22,2.76
1961-09-30,-4.59,-2.9,-2.34,-1.41,-1.94,-2.03,-1.94
1961-08-31,0.6,1.33,1.91,1.86,2.43,3.74,2.72
1961-07-31,1.22,1.07,0.61,2.47,3.2,3.62,3.03
1961-06-30,-5.99,-4.06,-5.11,-2.59,-2.75,-2.8,-2.84
1961-05-31,5.75,4.24,3.99,3.11,2.86,1.72,2.59
1961-04-30,-0.16,0.51,2.92,-2.98,1.0,1.14,0.42
1961-03-31,3.59,5.46,9.9,1.33,1.99,4.11,3.01
1961-02-28,6.67,6.5,8.56,4.01,2.67,4.08,3.65
1961-01-31,12.19,8.19,5.88,6.88,7.07,5.2,6.38
1960-12-31,3.0,3.41,3.24,4.25,3.36,6.84,4.87
1960-11-30,3.24,3.81,7.59,3.28,3.83,6.49,4.78
1960-10-31,-4.7,-2.2,-3.15,-1.1,0.23,-0.14,-0.43
1960-09-30,-8.16,-5.61,-5.33,-4.42,-5.72,-6.62,-5.82
1960-08-31,3.77,2.88,5.97,2.24,2.94,3.86,3.2
1960-07-31,-2.45,-0.96,-2.37,-0.79,-2.64,-2.49,-2.2
1960-06-30,1.45,1.29,2.33,1.92,2.13,2.75,2.3
1960-05-31,0.85,2.0,4.2,-0.17,2.11,6.05,3.26
1960-04-30,-4.19,-2.37,-1.16,-2.66,-2.41,-0.02,-1.54
1960-03-31,-4.07,-3.2,-2.08,-1.36,-1.47,-0.59,-1.28
1960-02-29,-0.28,1.06,2.3,-2.34,1.94,2.93,1.45
1960-01-31,-1.43,-2.1,-6.05,-5.53,-6.74,-7.98,-6.68
1959-12-31,0.97,2.58,3.49,2.98,3.15,2.52,2.86
1959-11-30,0.82,1.87,2.75,0.36,1.81,2.89,1.84
1959-10-31,0.53,1.71,4.7,0.37,0.6,3.63,1.52
1959-09-30,-4.99,-3.59,-4.72,-5.81,-4.05,-4.23,-4.49
1959-08-31,-0.81,-1.44,-2.78,-2.23,0.07,-2.26,-1.15
1959-07-31,2.45,2.35,3.97,3.81,4.22,1.7,3.39
1959-06-30,-0.82,0.58,1.54,-1.21,-0.34,2.23,0.03
1959-05-31,0.76,1.08,0.29,0.88,2.06,4.32,1.98
1959-04-30,1.45,1.55,4.18,2.47,4.19,6.08,3.88
1959-03-31,0.95,2.3,1.81,0.89,0.24,0.33,0.54
1959-02-28,1.97,3.07,4.3,-1.1,1.04,3.47,1.12
1959-01-31,4.6,6.59,4.3,0.83,0.62,0.6,0.93
1958-12-31,4.39,3.13,3.14,5.65,5.22,5.64,5.37
1958-11-30,3.75,5.06,4.77,2.35,3.11,4.5,3.09
1958-10-31,2.63,2.37,5.17,1.48,2.33,5.23,2.69
1958-09-30,6.55,5.56,4.94,5.07,4.79,4.49,4.85
1958-08-31,2.51,3.62,4.62,2.61,1.95,0.91,1.94
1958-07-31,8.17,5.8,3.1,4.4,5.37,2.08,4.45
1958-06-30,3.34,2.82,2.62,3.92,2.72,2.88,2.96
1958-05-31,5.33,3.98,3.62,3.93,2.01,2.03,2.4
1958-04-30,1.96,1.9,4.37,1.57,3.85,2.83,3.18
1958-03-31,5.38,2.74,4.91,6.52,2.65,3.23,3.36
1958-02-28,-3.56,-0.14,1.37,-3.11,-1.98,-0.6,-1.4
1958-01-31,16.4,10.4,7.21,8.91,4.72,2.86,4.89
1957-12-31,-9.35,-4.61,-1.62,-9.46,-3.7,-1.56,-3.62
1957-11-30,0.61,0.95,2.97,3.44,1.42,3.63,2.54
1957-10-31,-8.72,-6.04,-7.56,-6.05,-3.58,-3.31,-3.98
1957-09-30,-6.53,-4.79,-4.69,-5.9,-4.81,-6.69,-5.71
1957-08-31,-5.8,-3.47,-5.28,-6.2,-3.43,-5.77,-4.83
1957-07-31,-0.02,0.75,-0.03,0.8,1.35,0.67,0.94
1957-06-30,-1.41,-0.51,-0.74,-0.6,-0.94,0.31,-0.51
1957-05-31,1.71,1.6,1.18,3.45,3.52,4.95,3.72
1957-04-30,1.44,1.16,2.22,4.34,4.47,5.56,4.51
1957-03-31,2.56,2.69,1.58,1.68,2.87,2.29,2.37
1957-02-28,-3.51,-1.89,-2.54,-2.31,-0.93,-2.64,-1.83
1957-01-31,3.53,0.43,-0.23,-2.6,-2.73,-5.01,-3.35
1956-12-31,0.13,1.52,5.65,2.65,2.97,4.77,3.42
1956-11-30,0.49,0.54,2.15,-2.52,-0.08,2.64,0.57
1956-10-31,-1.5,1.13,2.41,0.51,0.26,1.47,0.78
1956-09-30,-3.19,-2.31,-2.72,-4.59,-3.58,-6.56,-4.97
1956-08-31,-1.6,-0.7,-0.96,-2.68,-1.42,-4.7,-3.02
1956-07-31,2.36,2.74,4.83,3.21,5.22,5.73,5.04
1956-06-30,0.46,1.12,3.27,2.43,2.44,5.09,3.67
1956-05-31,-3.78,-3.83,-4.07,-3.17,-3.69,-6.1,-4.97
1956-04-30,-0.5,-0.1,1.74,-1.53,-0.37,1.4,0.48
1956-03-31,2.47,4.92,6.15,4.61,5.81,8.12,6.8
1956-02-29,2.24,2.68,4.33,2.71,3.65,4.54,3.97
1956-01-31,-2.07,-1.61,-1.99,-1.34,-1.6,-4.21,-2.82
1955-12-31,3.87,1.05,3.18,3.15,1.41,1.14,1.66
1955-11-30,5.58,4.83,6.57,4.38,7.01,8.79,7.23
1955-10-31,-1.98,-0.59,-0.88,-1.62,-1.78,-3.91,-2.49
1955-09-30,-0.39,-1.29,0.82,-1.09,-1.46,1.34,-0.18
1955-08-31,-0.61,0.28,1.29,-0.42,0.15,1.26,0.38
1955-07-31,0.57,1.19,0.25,0.94,4.59,-1.16,2.04
1955-06-30,1.4,3.37,4.18,3.64,7.44,10.1,6.72
1955-05-31,0.68,0.59,0.71,0.5,1.44,1.49,1.1
1955-04-30,1.52,2.54,1.5,2.32,4.06,2.48,3.21
1955-03-31,0.1,-0.28,0.62,-0.37,-0.53,1.19,-0.05
1955-02-28,3.43,4.79,5.46,3.21,2.51,3.36,3.08
1955-01-31,0.73,2.02,2.12,0.09,0.23,1.41,0.69
1954-12-31,11.97,9.74,8.53,5.04,4.99,5.82,5.58
1954-11-30,9.7,8.34,9.11,6.5,9.1,10.89,9.45
1954-10-31,-1.02,-0.54,-0.1,-1.54,-2.55,-0.56,-1.61
1954-09-30,3.81,4.08,4.69,6.09,5.21,8.34,6.51
1954-08-31,-0.1,-0.04,-0.16,-2.1,-1.42,-3.36,-2.29
1954-07-31,7.61,7.03,8.64,4.15,6.05,4.08,5.05
1954-06-30,-0.29,1.87,2.6,-2.35,0.88,1.77,1.13
1954-05-31,5.81,3.54,5.7,5.64,3.93,1.96,3.14
1954-04-30,-1.42,1.98,1.91,-0.26,3.76,6.35,4.39
1954-03-31,1.96,2.15,3.78,2.83,2.66,5.07,3.73
1954-02-28,0.53,1.06,1.73,1.26,1.54,2.15,1.73
1954-01-31,10.09,7.09,3.67,9.21,4.95,3.97,5.24
1953-12-31,-5.4,-1.39,1.09,-2.7,0.41,1.22,0.15
1953-11-30,1.36,1.05,2.24,1.36,2.71,4.27,2.91
1953-10-31,3.31,3.5,4.02,4.79,4.93,4.51,4.73
1953-09-30,-2.93,-1.15,-0.35,-1.02,0.18,2.1,0.37
1953-08-31,-7.31,-4.9,-4.31,-5.36,-3.76,-4.12,-4.35
1953-07-31,1.46,1.46,1.46,3.05,2.33,2.55,2.54
1953-06-30,-4.35,-3.39,-2.96,-0.93,-1.58,-2.33,-1.7
1953-05-31,-0.27,0.81,1.26,0.79,0.37,1.14,0.7
1953-04-30,-2.64,-1.9,-1.8,-4.57,-2.27,-1.58,-2.66
1953-03-31,-2.3,-1.39,-1.43,-1.15,-0.77,-1.89,-1.25
1953-02-28,1.36,1.57,2.81,-0.4,-0.36,-0.08,-0.15
1953-01-31,3.63,3.65,4.0,-1.48,-0.14,-0.43,-0.18
1952-12-31,1.38,2.14,2.75,2.08,2.67,3.9,3.08
1952-11-30,5.75,5.65,6.13,6.19,5.59,6.78,6.05
1952-10-31,-2.98,-1.61,0.67,-1.89,-0.52,0.09,-0.5
1952-09-30,-2.45,-0.78,-0.76,-3.32,-1.74,-1.61,-1.87
1952-08-31,0.18,0.07,0.78,-0.86,-0.51,-0.77,-0.62
1952-07-31,0.68,1.22,0.78,1.87,1.26,0.62,1.07
1952-06-30,1.86,3.21,3.3,3.04,3.86,4.55,3.99
1952-05-31,1.43,2.09,2.74,3.8,3.08,3.52,3.3
1952-04-30,-4.25,-3.68,-5.65,-3.84,-3.42,-6.56,-4.81
1952-03-31,2.07,2.32,3.01,3.81,3.69,6.04,4.58
1952-02-29,-1.84,-1.36,-2.9,-3.04,-1.68,-3.34,-2.49
1952-01-31,1.29,1.75,2.27,1.57,0.25,3.29,1.56
1951-12-31,0.6,0.7,1.24,2.03,3.35,4.76,3.47
1951-11-30,-0.17,0.41,1.09,0.67,0.88,0.55,0.69
1951-10-31,-2.45,-2.23,-2.82,-1.87,-2.96,-1.9,-2.35
1951-09-30,2.31,2.51,3.08,0.0,1.65,0.2,0.83
1951-08-31,5.01,5.12,6.52,3.58,4.98,4.07,4.39
1951-07-31,2.7,4.87,9.62,4.1,6.23,11.72,7.02
1951-06-30,-3.74,-5.03,-7.54,-1.24,-3.0,-2.2,-2.49
1951-05-31,-3.22,-2.53,-3.46,-0.73,-2.9,-2.36,-2.24
1951-04-30,1.54,4.11,5.66,0.89,5.54,8.79,4.96
1951-03-31,-1.69,-3.22,-5.45,-1.12,-1.48,-3.3,-2.05
1951-02-28,1.85,1.2,1.22,2.7,1.88,0.23,1.54
1951-01-31,7.98,7.62,10.03,4.56,5.51,6.52,5.81
1950-12-31,6.22,8.22,11.84,2.38,6.35,6.75,5.66
1950-11-30,1.4,2.51,4.81,-0.39,4.52,3.45,2.92
1950-10-31,-0.9,0.11,0.54,-0.86,-0.17,0.76,-0.04
1950-09-30,5.8,4.69,5.32,5.18,4.42,5.32,4.92
1950-08-31,5.28,4.17,7.21,2.74,4.16,7.2,4.96
1950-07-31,5.45,6.68,6.42,1.39,2.59,-0.51,1.58
1950-06-30,-6.77,-7.39,-9.09,-5.15,-5.81,-6.0,-5.8
1950-05-31,2.67,3.17,2.92,4.79,3.91,5.29,4.45
1950-04-30,7.07,4.93,4.41,2.81,3.07,6.3,4.15
1950-03-31,-2.14,-1.1,0.44,1.75,1.03,2.11,1.37
1950-02-28,2.04,0.27,2.07,-0.07,1.3,2.68,1.54
1950-01-31,6.98,4.14,3.63,3.21,1.0,1.89,1.78
1949-12-31,8.8,7.0,7.64,6.54,4.05,6.14,5.21
1949-11-30,-0.21,1.01,1.08,1.78,1.25,2.94,1.87
1949-10-31,4.3,4.03,3.68,2.66,3.09,3.41,3.25
1949-09-30,5.51,3.51,4.94,5.49,2.57,3.23,3.15
1949-08-31,1.3,3.6,4.14,2.33,2.54,2.93,2.71
1949-07-31,6.69,6.59,6.06,7.1,6.28,4.75,5.64
1949-06-30,-0.44,-1.61,-1.71,1.23,0.06,0.38,0.21
1949-05-31,-7.18,-4.31,-3.43,-4.26,-3.0,-2.04,-2.84
1949-04-30,-4.7,-3.03,-1.56,-4.34,-1.82,-1.28,-1.8
1949-03-31,7.7,5.29,6.86,5.34,3.42,4.3,4.12
1949-02-28,-5.18,-4.56,-5.64,-3.06,-1.84,-3.42,-2.85
1949-01-31,3.54,1.76,1.38,2.5,1.03,-1.16,0.32
1948-12-31,-1.47,-0.32,3.72,0.59,3.19,4.65,3.31
1948-11-30,-12.64,-8.64,-11.23,-10.47,-7.88,-10.81,-9.26
1948-10-31,3.1,4.87,6.77,5.31,5.75,7.24,6.02
1948-09-30,-4.48,-3.62,-5.48,-2.49,-2.31,-4.1,-2.93
1948-08-31,-1.58,-0.26,-0.03,1.25,0.29,0.16,0.32
1948-07-31,-5.15,-4.71,-6.17,-3.6,-5.48,-5.79,-5.01
1948-06-30,-3.41,-1.88,2.49,-0.97,0.24,1.28,0.02
1948-05-31,8.97,9.23,9.69,4.66,7.6,8.53,7.42
1948-04-30,1.94,2.51,5.05,1.26,2.14,6.34,3.69
1948-03-31,9.03,8.33,9.28,10.42,6.57,9.54,8.19
1948-02-29,-7.32,-5.51,-6.83,-6.13,-4.21,-3.75,-4.33
1948-01-31,1.09,-1.87,-3.21,-1.24,-3.56,-5.54,-3.9
1947-12-31,-0.06,1.38,3.99,0.9,3.03,4.1,3.09
1947-11-30,-6.01,-2.84,-1.42,-4.67,-1.88,-0.73,-1.83
1947-10-31,3.12,2.77,4.42,1.43,1.99,3.28,2.54
1947-09-30,0.57,1.17,1.78,0.34,-0.21,-0.85,-0.43
1947-08-31,-2.71,-1.14,0.62,-4.7,-1.94,-1.38,-1.75
1947-07-31,7.06,5.81,5.54,8.38,5.79,3.03,4.18
1947-06-30,5.62,6.13,2.87,5.52,6.25,4.92,5.34
1947-05-31,-6.35,-4.12,-3.03,-3.76,-0.45,-0.4,-0.93
1947-04-30,-11.53,-8.17,-6.24,-8.65,-4.02,-3.97,-4.73
1947-03-31,-5.42,-2.82,-1.42,-4.66,-1.8,-0.39,-1.59
1947-02-28,-0.53,-0.48,0.28,0.14,-0.74,-1.71,-1.04
1947-01-31,6.23,2.81,2.92,7.42,1.96,-1.99,1.32
1946-12-31,5.23,4.04,5.07,4.97,4.93,4.96,4.93
1946-11-30,-0.73,1.15,-0.98,-1.38,1.04,-0.76,0.05
1946-10-31,-1.39,-1.23,-0.91,-2.61,-1.13,-1.03,-1.46
1946-09-30,-16.35,-13.47,-14.14,-10.44,-8.7,-11.16,-10.07
1946-08-31,-7.96,-7.55,-8.73,-7.08,-5.58,-6.39,-6.41
1946-07-31,-4.79,-4.93,-4.36,-2.27,-2.62,-2.74,-2.65
1946-06-30,-3.5,-4.9,-5.88,-2.5,-4.85,-5.12,-3.86
1946-05-31,5.85,7.42,5.43,3.71,4.15,3.21,3.98
1946-04-30,2.41,5.83,7.18,4.08,4.04,5.26,4.3
1946-03-31,4.45,5.29,6.38,5.31,6.07,8.74,5.96
1946-02-28,-5.85,-7.38,-7.05,-5.31,-5.8,-7.0,-5.74
1946-01-31,7.44,11.32,11.24,4.53,7.88,8.28,6.25
1945-12-31,3.23,2.48,2.12,0.77,0.78,4.38,1.23
1945-11-30,9.77,10.28,10.65,3.36,5.91,10.71,5.32
1945-10-31,7.14,8.07,5.6,3.36,3.77,5.13,3.92
1945-09-30,6.73,7.32,5.64,3.93,4.82,7.53,4.79
1945-08-31,5.83,8.24,5.46,6.24,6.91,3.97,6.24
1945-07-31,-3.09,-3.45,-5.01,-1.59,-1.48,-5.06,-2.13
1945-06-30,3.55,2.81,5.64,-0.54,-0.07,5.64,0.41
1945-05-31,3.5,3.02,3.48,1.86,1.08,2.1,1.76
1945-04-30,6.26,9.11,11.02,6.72,9.14,11.61,7.84
1945-03-31,-3.34,-5.83,-7.2,-3.07,-4.31,-5.72,-3.86
1945-02-28,8.4,8.6,11.45,5.33,6.4,8.49,6.22
1945-01-31,5.14,3.73,5.66,1.96,1.76,1.49,2.02
1944-12-31,8.14,6.99,7.97,2.84,4.53,9.72,4.05
1944-11-30,2.24,2.1,3.66,1.35,1.95,2.61,1.75
1944-10-31,-0.7,0.63,-0.33,1.14,-0.56,-1.91,0.21
1944-09-30,0.22,0.72,-0.75,0.21,-0.1,-0.93,0.01
1944-08-31,1.68,2.75,6.53,0.48,2.15,4.95,1.59
1944-07-31,-1.29,-0.63,-1.17,-1.49,-1.56,-1.36,-1.48
1944-06-30,15.35,9.3,7.41,7.37,4.77,5.04,5.62
1944-05-31,6.2,6.6,7.41,3.69,5.2,6.45,5.03
1944-04-30,-3.73,-2.58,-3.27,-1.93,-1.47,-1.29,-1.67
1944-03-31,3.74,3.56,6.15,1.77,2.44,4.39,2.5
1944-02-29,1.35,1.73,1.89,-0.22,0.97,-0.11,0.44
1944-01-31,4.57,4.68,6.01,1.33,1.96,1.85,1.8
1943-12-31,9.34,9.1,12.86,4.67,7.56,13.22,6.43
1943-11-30,-8.03,-8.71,-11.3,-4.88,-5.53,-10.82,-5.9
1943-10-31,0.91,-0.46,0.05,-0.72,-1.48,-1.0,-1.1
1943-09-30,2.2,3.78,4.94,1.91,2.77,2.78,2.39
1943-08-31,-0.82,0.54,1.03,0.77,2.24,0.69,1.33
1943-07-31,-4.64,-5.93,-10.93,-3.98,-5.13,-6.82,-4.73
1943-06-30,1.57,1.28,-0.29,1.69,2.55,0.98,1.84
1943-05-31,6.12,8.41,13.89,4.73,5.75,8.23,5.76
1943-04-30,0.2,2.9,7.32,-0.3,0.05,4.93,0.84
1943-03-31,10.67,12.43,15.39,4.6,5.08,9.59,6.03
1943-02-28,15.63,11.41,10.04,4.75,5.5,7.24,6.18
1943-01-31,18.47,14.95,19.21,7.82,6.17,6.36,7.15
1942-12-31,1.53,3.18,4.11,3.01,6.25,6.96,5.14
1942-11-30,-3.31,-0.76,-2.01,2.05,-0.29,-1.01,0.19
1942-10-31,14.82,9.01,7.74,8.31,6.09,7.25,6.84
1942-09-30,4.48,3.09,3.36,3.21,2.25,3.05,2.63
1942-08-31,2.47,3.08,2.2,2.31,1.62,2.2,1.84
1942-07-31,4.21,4.63,5.02,2.66,3.92,3.35,3.52
1942-06-30,3.22,2.56,1.51,2.54,3.1,1.62,2.72
1942-05-31,2.72,2.29,-0.29,8.15,6.05,1.75,5.99
1942-04-30,-5.08,-3.54,-4.92,-3.57,-4.6,-5.15,-4.36
1942-03-31,-4.28,-4.76,-4.0,-6.06,-7.01,-7.0,-6.58
1942-02-28,-1.2,-1.07,-1.43,-1.88,-2.29,-3.14,-2.46
1942-01-31,14.35,11.14,11.13,4.07,-0.85,0.14,0.84
1941-12-31,-10.87,-8.41,-8.91,-6.01,-3.07,-7.48,-4.88
1941-11-30,-4.79,-2.63,-1.8,-3.7,-2.45,1.42,-1.92
1941-10-31,-7.19,-6.99,-4.29,-7.31,-5.86,-0.72,-5.26
1941-09-30,-1.31,-2.14,-2.24,0.19,-1.0,-2.18,-0.85
1941-08-31,-1.5,-1.47,0.08,0.11,0.25,-1.23,-0.15
1941-07-31,18.23,11.37,11.13,5.14,4.33,8.99,5.87
1941-06-30,6.99,5.7,7.2,6.71,5.78,4.59,5.83
1941-05-31,0.47,0.57,2.53,-1.08,1.51,1.89,1.4
1941-04-30,-7.28,-6.88,-4.31,-7.88,-5.31,-4.84,-5.47
1941-03-31,0.46,1.66,2.82,-0.9,0.73,1.62,0.84
1941-02-28,-3.79,-1.36,-2.2,-1.71,-1.36,-1.36,-1.44
1941-01-31,2.73,-1.88,-3.71,-1.69,-4.96,-4.11,-4.17
1940-12-31,-4.68,-1.32,1.66,0.54,0.75,1.16,0.72
1940-11-30,-0.63,1.2,2.06,-1.23,-2.19,-1.36,-1.62
1940-10-31,7.7,4.53,3.98,9.84,4.8,0.53,3.03
1940-09-30,5.11,4.31,4.68,2.5,2.25,2.37,2.39
1940-08-31,2.44,2.52,2.96,4.46,2.68,0.8,2.17
1940-07-31,2.96,3.68,5.23,4.04,2.79,3.37,3.16
1940-06-30,7.69,5.92,7.02,6.49,7.57,2.88,6.72
1940-05-31,-29.46,-28.5,-27.55,-26.26,-20.45,-22.26,-21.95
1940-04-30,0.91,1.11,4.43,-1.66,0.17,1.31,0.18
1940-03-31,2.18,3.73,2.45,3.01,1.86,2.02,2.04
1940-02-29,3.34,3.72,4.43,-0.65,1.32,1.84,1.44
1940-01-31,-3.08,-2.25,-1.71,-2.91,-3.74,-0.79,-2.42
1939-12-31,-0.65,2.14,5.79,-0.21,3.24,4.12,3.0
1939-11-30,-7.33,-10.06,-9.4,-4.72,-3.22,-3.23,-3.61
1939-10-31,-4.89,-0.11,2.46,-4.02,-1.97,1.75,-0.54
1939-09-30,61.67,40.91,25.74,34.82,21.22,8.7,16.89
1939-08-31,-13.95,-12.04,-8.78,-12.07,-7.45,-5.33,-6.67
1939-07-31,14.24,15.76,16.1,12.57,10.27,9.6,10.25
1939-06-30,-10.41,-9.03,-8.09,-6.51,-5.2,-4.74,-5.33
1939-05-31,8.16,9.9,11.73,4.13,6.15,7.63,6.8
1939-04-30,-1.56,0.29,2.5,-0.48,-0.4,0.58,-0.19
1939-03-31,-17.91,-19.76,-20.32,-12.88,-10.41,-13.57,-11.98
1939-02-28,3.12,3.97,6.66,2.15,2.88,5.16,3.52
1939-01-31,-6.39,-9.43,-9.44,-4.14,-6.34,-7.18,-6.01
1938-12-31,0.2,3.98,5.83,5.33,4.01,4.05,4.18
1938-11-30,-5.67,-4.32,-3.16,-4.91,-1.65,-1.28,-1.76
1938-10-31,19.51,15.63,13.51,16.3,6.75,6.76,7.71
1938-09-30,-3.17,-2.44,-0.71,-1.48,1.0,1.22,0.85
1938-08-31,-8.8,-6.61,-3.72,-4.7,-2.02,-2.5,-2.65
1938-07-31,16.64,13.98,11.01,13.28,11.14,4.87,7.35
1938-06-30,40.57,37.1,16.35,43.79,35.13,18.42,24.06
1938-05-31,-10.21,-8.11,-3.25,-9.43,-6.91,-2.38,-3.88
1938-04-30,27.68,21.49,19.02,21.37,17.17,13.04,14.53
1938-03-31,-37.18,-29.92,-23.17,-38.21,-28.94,-21.12,-23.98
1938-02-28,7.94,8.12,4.4,7.47,7.18,5.2,5.83
1938-01-31,7.01,4.63,4.04,-0.19,2.06,-0.43,0.51
1937-12-31,-14.45,-12.1,-10.26,-6.98,-6.35,-1.83,-4.31
1937-11-30,-12.88,-11.13,-11.35,-3.64,-9.2,-7.63,-8.22
1937-10-31,-10.2,-10.18,-10.93,-8.75,-8.82,-11.23,-9.56
1937-09-30,-20.5,-19.76,-26.28,-10.68,-11.32,-18.92,-13.51
1937-08-31,-4.29,-4.23,-6.22,-4.56,-4.05,-6.34,-4.85
1937-07-31,12.5,9.03,10.83,9.45,7.93,10.02,8.98
1937-06-30,-9.8,-7.42,-9.18,-3.93,-4.39,-3.06,-4.14
1937-05-31,-3.4,-1.54,-2.26,-0.38,-0.94,-0.36,-0.72
1937-04-30,-9.94,-9.58,-12.5,-6.62,-5.65,-11.48,-7.37
1937-03-31,-1.69,-0.76,-0.23,-1.42,-0.95,2.53,-0.23
1937-02-28,2.83,3.92,4.77,-0.24,-0.07,4.15,1.14
1937-01-31,11.14,9.29,7.04,3.37,2.85,3.66,3.38
1936-12-31,2.76,5.5,3.86,-0.98,-0.53,1.94,0.19
1936-11-30,7.78,11.25,11.77,3.56,2.48,3.5,3.19
1936-10-31,6.41,7.14,4.87,5.24,7.45,8.77,7.21
1936-09-30,2.73,4.19,4.3,0.97,0.55,1.89,0.99
1936-08-31,1.46,1.99,2.78,0.35,1.48,0.33,1.02
1936-07-31,8.75,8.27,9.59,2.53,8.4,7.38,6.7
1936-06-30,-0.45,-0.34,-1.24,2.34,2.26,3.9,2.5
1936-05-31,3.92,5.15,7.12,4.26,5.54,6.01,5.26
1936-04-30,-7.94,-14.41,-16.84,-4.69,-8.34,-11.1,-8.06
1936-03-31,0.45,0.9,2.39,-0.54,1.65,1.15,1.05
1936-02-29,3.75,7.42,7.53,1.12,2.82,2.24,2.55
1936-01-31,17.92,11.75,12.17,7.19,6.81,6.27,6.91
1935-12-31,3.5,6.46,10.24,4.54,3.73,5.36,4.48
1935-11-30,21.51,10.63,11.18,6.22,4.6,4.02,4.9
1935-10-31,9.57,8.75,9.87,5.53,6.04,8.97,7.03
1935-09-30,-0.26,4.84,8.81,-4.17,2.08,4.67,2.57
1935-08-31,14.46,6.47,5.04,7.02,2.34,2.1,2.7
1935-07-31,13.33,12.4,12.49,13.65,8.04,6.38,7.58
1935-06-30,-0.51,4.74,7.2,9.03,6.0,6.01,6.04
1935-05-31,2.66,2.49,1.81,9.42,3.91,3.02,3.56
1935-04-30,15.62,8.67,10.12,11.35,9.96,7.57,9.04
1935-03-31,-12.7,-9.2,-7.26,-3.04,-3.46,-3.5,-3.66
1935-02-28,-14.73,-5.01,-1.21,-11.27,-3.19,3.03,-1.99
1935-01-31,-5.1,-3.77,-3.72,-7.22,-3.19,-1.18,-3.44
1934-12-31,0.11,1.85,5.97,-2.34,0.37,1.27,0.35
1934-11-30,12.06,15.03,16.84,6.36,8.2,9.24,8.46
1934-10-31,-6.77,-1.24,2.5,-5.12,-1.57,-0.58,-1.66
1934-09-30,-2.33,-1.76,-1.12,1.54,-0.99,0.44,-0.16
1934-08-31,10.94,12.34,14.52,4.24,5.45,5.62,5.6
1934-07-31,-23.8,-24.79,-18.05,-19.35,-10.54,-7.7,-10.9
1934-06-30,-1.51,0.11,-1.59,3.53,2.91,1.69,2.65
1934-05-31,-10.25,-11.2,-12.45,-5.89,-8.32,-8.81,-7.23
1934-04-30,2.67,0.53,-1.46,-0.31,-2.99,-5.6,-1.87
1934-03-31,2.65,-0.18,0.95,-0.02,-0.07,0.36,0.05
1934-02-28,2.25,1.21,2.45,-2.36,-2.53,-3.14,-2.46
1934-01-31,38.01,33.95,36.1,14.52,10.84,10.49,12.71
1933-12-31,-0.34,3.82,1.33,0.0,0.9,6.68,1.86
1933-11-30,1.86,7.21,6.22,7.82,9.98,15.66,10.08
1933-10-31,-10.53,-13.06,-13.41,-7.62,-8.52,-9.16,-8.4
1933-09-30,-18.48,-15.31,-15.75,-11.54,-8.53,-11.11,-10.62
1933-08-31,9.02,11.24,10.42,7.28,16.63,21.06,12.12
1933-07-31,-10.77,-12.78,-11.25,-8.76,-10.8,-8.07,-9.58
1933-06-30,20.64,22.44,21.2,10.07,11.65,17.51,13.12
1933-05-31,75.68,70.35,67.95,20.79,20.21,19.91,21.39
1933-04-30,57.65,47.4,49.27,53.74,44.01,29.1,39.0
1933-03-31,9.23,10.57,14.46,5.55,1.28,5.51,3.32
1933-02-28,-17.7,-19.7,-15.81,-20.74,-16.19,-14.11,-15.41
1933-01-31,4.47,7.65,2.41,1.58,1.42,0.43,1.26
1932-12-31,-11.86,-8.13,-2.03,4.29,4.62,5.4,4.46
1932-11-30,-6.48,-9.47,-8.88,-9.28,-3.74,-10.53,-5.87
1932-10-31,-16.95,-16.19,-17.62,-20.24,-11.09,-9.68,-13.16
1932-09-30,-10.64,-6.18,-7.85,-5.28,-1.4,-3.36,-2.88
1932-08-31,92.53,68.81,41.81,76.15,45.11,22.78,37.12
1932-07-31,62.55,42.77,21.43,72.64,41.66,23.71,33.91
1932-06-30,3.57,5.51,8.24,1.1,-2.91,0.19,-0.68
1932-05-31,-25.21,-19.76,-20.47,-37.3,-22.18,-17.48,-20.51
1932-04-30,-22.07,-18.47,-15.85,-22.91,-22.2,-15.2,-17.91
1932-03-31,-14.85,-11.66,-6.9,-19.87,-13.79,-7.98,-11.08
1932-02-29,2.45,0.84,4.85,5.49,5.08,6.27,5.74
1932-01-31,14.33,8.68,1.89,6.92,-2.75,-2.38,-1.28
1931-12-31,-26.0,-22.67,-12.16,-24.15,-16.2,-9.68,-13.44
1931-11-30,-13.22,-5.78,-8.76,-16.67,-11.16,-6.05,-8.96
1931-10-31,10.07,9.82,12.12,4.13,8.36,8.61,8.24
1931-09-30,-39.36,-30.31,-29.48,-36.76,-30.78,-26.35,-29.09
1931-08-31,-1.38,-2.54,-3.51,5.16,-0.64,0.28,0.18
1931-07-31,-11.57,-7.13,-3.17,-11.91,-9.07,-3.94,-6.57
1931-06-30,25.25,17.64,8.7,29.87,18.37,10.66,14.13
1931-05-31,-17.22,-14.03,-6.94,-20.04,-14.3,-11.8,-13.1
1931-04-30,-21.5,-16.4,-10.6,-18.6,-13.1,-6.71,-9.72
1931-03-31,-12.74,-5.46,-2.27,-12.6,-8.65,-4.15,-6.26
1931-02-28,21.52,16.13,10.73,25.81,14.32,7.66,10.86
1931-01-31,24.19,13.94,9.29,12.44,5.99,5.2,6.25
1930-12-31,-21.43,-14.89,-8.15,-17.56,-9.91,-4.2,-7.36
1930-11-30,-2.29,-3.32,-1.63,1.29,-3.02,-2.28,-2.35
1930-10-31,-12.75,-9.59,-8.29,-16.4,-9.59,-7.13,-8.62
1930-09-30,-20.41,-16.01,-10.86,-23.2,-13.32,-9.78,-12.45
1930-08-31,-3.92,-2.08,0.82,-2.63,0.98,0.54,0.42
1930-07-31,4.71,3.81,3.06,5.77,6.64,3.05,4.35
1930-06-30,-25.75,-18.47,-16.74,-18.61,-17.37,-14.35,-15.78
1930-05-31,-6.27,-1.6,-2.39,2.76,-2.19,-1.02,-1.05
1930-04-30,-5.5,-6.62,-2.04,-5.94,-2.49,-1.44,-2.28
1930-03-31,12.47,11.22,6.4,9.91,6.49,7.14,7.29
1930-02-28,3.69,3.99,2.95,0.88,1.9,2.87,2.58
1930-01-31,17.84,8.76,6.7,4.31,5.44,5.13,5.36
1929-12-31,-7.78,-2.0,-0.45,0.09,-1.55,3.15,1.58
1929-11-30,-12.6,-10.6,-18.17,-14.24,-8.18,-13.45,-11.99
1929-10-31,-24.33,-19.7,-23.22,-27.88,-11.48,-20.79,-18.96
1929-09-30,-5.76,-4.1,-1.87,-7.4,-3.58,-5.35,-4.96
1929-08-31,-1.37,-0.03,1.87,5.09,7.59,11.24,9.15
1929-07-31,0.52,-0.28,2.24,0.78,4.85,4.98,4.65
1929-06-30,4.25,6.16,10.38,3.34,7.83,14.4,10.59
1929-05-31,-11.2,-8.87,-11.98,-3.61,-4.51,-6.91,-5.78
1929-04-30,1.74,-0.62,1.9,-0.97,1.74,2.69,1.84
1929-03-31,-4.33,-5.67,-3.8,0.78,0.71,-1.03,-0.32
1929-02-28,-0.28,1.22,3.19,-1.53,-0.82,1.1,0.02
1929-01-31,-0.11,1.71,2.84,3.85,5.21,5.79,5.12
1928-12-31,-2.67,0.71,-1.74,-0.47,0.06,1.67,0.45
1928-11-30,9.97,11.55,10.62,8.64,13.53,12.15,12.36
1928-10-31,0.23,1.07,7.29,0.73,0.78,3.88,1.71
1928-09-30,4.19,5.86,7.29,1.36,1.87,5.16,2.96
1928-08-31,5.1,2.36,6.29,4.33,6.26,10.22,7.11
1928-07-31,-1.69,-0.62,2.05,0.01,0.71,1.56,0.86
1928-06-30,-9.33,-7.31,-6.35,-5.19,-4.05,-4.09,-4.36
1928-05-31,2.77,2.29,4.01,-1.55,1.12,3.24,1.68
1928-04-30,8.68,10.73,5.99,8.19,4.78,2.05,4.29
1928-03-31,6.9,7.69,7.7,6.75,5.28,15.35,9.2
1928-02-29,-3.56,-1.88,-4.81,-0.81,-0.9,-1.74,-1.34
1928-01-31,2.78,3.59,0.66,-1.91,-0.25,-0.83,-0.48
1927-12-31,0.27,5.84,4.53,1.23,1.65,3.41,2.33
1927-11-30,11.28,8.97,7.02,5.12,6.01,8.37,7.01
1927-10-31,-4.99,-1.85,-3.33,-2.11,-3.41,-5.5,-4.09
1927-09-30,2.48,0.31,3.19,3.02,4.86,6.27,4.98
1927-08-31,-0.34,-0.22,0.29,1.21,2.18,3.3,2.28
1927-07-31,3.09,4.32,6.91,4.53,7.84,9.33,7.78
1927-06-30,-2.12,-0.42,-2.88,-3.82,-2.08,-1.86,-2.17
1927-05-31,2.48,11.15,6.83,5.52,4.96,7.18,5.91
1927-04-30,-0.75,-0.48,3.32,-2.72,0.75,1.81,0.84
1927-03-31,-3.46,-2.88,-2.06,-3.57,-0.18,2.26,0.45
1927-02-28,7.01,6.48,5.51,7.27,3.8,4.47,4.47
1927-01-31,0.08,3.57,0.4,-0.4,0.26,0.0,0.17
